,reward,core,l1i_size,l1d_size,l2_size,l1i_assoc,l1d_assoc,l2_assoc,clock_rate,latency,Area,energy,power
0,5.333737921335153,2,4,1024,16384,8,4,16,2.1,0.000642,170.89,8.135711616000002,12.672448
1,0.0836707732051662,14,32,256,65536,2,2,16,3.8,0.000413,1355.7,31.093942347999995,75.28799599999999
2,4.719632680042657,12,128,16,16384,2,2,1,2.5,0.000345,247.82,9.448874145,27.388041
3,17.100854805038374,9,64,256,128,1,16,4,3.0,0.00025,152.94,4.4145025,17.65801
4,7.470680880500143,14,32,64,64,8,2,2,3.2,0.000413,180.03,9.940931063,24.070051000000003
5,21.978021978021975,7,16,256,64,4,2,4,2.1,0.000455,85.809,5.707105949999999,12.54309
6,2.8466055813290305,12,2048,64,256,8,16,16,3.2,0.000345,319.1,12.55431195,36.38931
7,5.619347553593731,9,256,1024,8192,8,8,8,3.9,0.000295,245.61,7.536017195,25.545821
8,19.49382432524415,8,64,16,1024,8,8,4,2.5,0.000318,127.01,4.705881342,14.798369
9,14.73821765569618,6,32,128,8192,2,2,16,3.3,0.000409,128.8,5.858992894,14.325166
10,7.936507936507937,2,256,8,2048,2,4,16,3.2,0.00126,40.515,6.162927120000001,4.891212
11,0.1492346195281353,5,32,2048,65536,1,4,16,2.5,0.000326,1318.7,21.265678944,65.232144
12,0.6569340186326691,13,4096,512,512,2,8,2,2.5,0.000378,634.59,22.600258254000003,59.789043
13,7.936507936507937,2,4096,16,256,1,16,4,3.8,0.00126,87.703,10.695615714,8.4885839
14,8.037123122118357,14,32,256,512,4,1,8,3.1,0.000413,173.57,10.374292376,25.119352000000003
15,0.3389468469228358,15,4096,16,256,16,8,8,3.0,0.000446,743.6,29.269378414,65.62640900000001
16,4.545786350665345,10,64,16,16384,8,8,16,4.0,0.000282,279.3,7.227068646,25.627903
17,2.4486608885276127,11,2048,1024,128,8,4,8,2.0,0.000319,357.8,12.574903759,39.419761
18,24.12670729025134,9,128,256,2048,4,2,1,2.7,0.00025,128.76,4.380464249999999,17.521856999999997
19,22.271714922049,3,2048,4,64,2,4,1,3.0,0.000449,76.063,4.096075687,9.122663
20,7.095967006512503,13,16,4,4096,2,8,1,4.0,0.000379,192.83,8.960011389,23.641191
21,1.021751242645753,16,2048,512,64,2,1,2,2.9,0.000473,454.88,24.460423537,51.713369
22,2.80950373108431,16,8,256,1024,16,4,8,2.3,0.000471,274.9,14.580477588,30.956428
23,2.7429893019199825,2,16,1024,16384,8,1,8,3.2,0.001256,170.37,14.909518816,11.870636
24,8.130081300813009,1,8,32,1024,8,4,16,2.4,0.00123,24.899,3.2721296400000006,2.6602680000000003
25,1.909373159505091,7,512,64,32768,2,8,4,3.2,0.000439,345.4,12.057032713,27.464767
26,18.635253973398783,8,256,32,128,2,16,1,3.1,0.000315,130.52,4.879225575,15.489605
27,9.86986725067682,12,256,256,1024,2,2,4,3.5,0.000345,171.37,8.060435445,23.363581
28,9.956352653056438,8,512,1024,64,8,1,8,2.8,0.000318,177.72,6.650759801999999,20.914339
29,7.746523509013394,3,512,64,16384,2,2,2,2.7,0.000449,169.56,5.899372835,13.138915
30,2.6023448035830268,14,1024,256,128,8,2,4,3.8,0.000413,305.03,14.169219281,34.308037
31,0.3276138781086292,9,8,4096,32768,1,2,16,3.4,0.00025,974.99,16.999648750000002,67.99859500000001
32,29.26554864515472,9,4,128,2048,1,4,4,3.4,0.00025,116.91,4.02747275,16.109891
33,3.4608242355341563,10,512,1024,8192,1,8,1,3.3,0.000282,320.1,8.719570566000002,30.920463
34,8.037684878457084,12,16,128,8192,1,1,8,2.7,0.000345,189.9,8.251300484999998,23.916813
35,8.130081300813009,1,512,64,4096,2,1,8,2.0,0.00123,57.034,5.523533939999999,4.490678
36,2.538430337431743,10,1024,64,16384,16,1,1,3.9,0.000282,373.76,9.155848536,32.467548
37,8.49433005398808,10,128,8,4096,8,16,1,2.6,0.000282,204.32,5.894684916,20.903138
38,13.803296354435831,11,128,32,4096,1,1,16,3.5,0.000319,150.7,6.649719923,20.845517
39,0.936704464947724,11,128,64,65536,2,2,4,3.1,0.000319,578.5,14.395386356999998,45.126603
40,11.892326160456449,10,32,256,4096,8,1,4,2.1,0.000282,172.68,5.708729604000001,20.243722
41,20.52528304365317,9,16,16,512,4,16,8,3.4,0.00025,139.6,4.07321275,16.292851
42,0.7502681637136617,7,16,128,65536,2,2,8,3.3,0.000439,551.01,16.879248407000002,38.449313
43,1.7639155886381177,10,4096,64,256,2,2,2,3.0,0.000282,448.37,12.029301636,42.657098000000005
44,0.2881354301350535,13,512,2048,65536,8,4,2,3.0,0.00038,836.11,26.0604133,68.580035
45,2.087955787312375,3,2048,128,32768,16,4,2,3.7,0.000449,326.6,10.043617691,22.368859
46,10.70047176782658,6,2048,16,512,2,16,16,3.0,0.000409,151.16,7.441321051,18.193939
47,1.6262404740221883,15,2048,4,128,1,4,2,3.0,0.000445,371.73,19.44055658,43.686644
48,0.4620683445952429,6,4096,128,65536,2,4,4,3.2,0.000409,727.42,21.338766816,52.173024
49,5.246869969159261,11,16,1024,128,8,16,1,3.3,0.000319,244.43,8.402503384,26.340136
50,0.2742308211459898,4,8,512,32768,4,2,4,3.5,0.004027,300.92,85.8187591232,21.3108416
51,8.21584292828252,9,16,256,4096,16,16,2,2.3,0.00025,220.65,5.11833675,20.473347
52,16.068088190777633,12,16,4,512,4,4,4,2.9,0.000345,134.31,6.831414344999999,19.801201
53,6.562676621849143,2,4096,32,2048,8,8,1,3.4,0.00126,109.97,12.56307444,9.970694
54,1.3637343061329252,10,4096,32,1024,16,8,16,3.2,0.000282,509.93,12.608993808,44.712744
55,2.200926427861871,11,16,16,32768,4,16,1,2.8,0.000319,377.4,10.571919347,33.140812999999994
56,16.572231383802492,10,32,128,4096,4,1,1,3.2,0.000282,146.28,5.330483286,18.902423
57,4.2271390166209954,6,2048,2048,64,4,16,8,4.0,0.000409,240.5,10.370699706,25.356234
58,0.516505159736218,14,64,4,65536,2,16,8,3.2,0.000413,684.68,21.244911219,51.440463
59,11.109338751647218,2,4096,16,4096,1,16,2,2.1,0.000642,118.41,7.1457039600000005,11.13038
60,5.7846328284764805,7,2048,128,2048,4,2,1,2.1,0.000455,194.92,9.965748975,21.902745
61,4.380914226709219,15,256,128,2048,1,8,4,3.3,0.000446,226.23,12.990452004000002,29.126574
62,2.263446198023083,16,128,8,4096,8,16,2,2.4,0.000471,306.27,15.079292022,32.015482
63,0.4633796727321857,6,4096,128,65536,1,8,4,2.7,0.000409,726.39,21.375524055,52.262895
64,2.4826216484607744,4,32,64,1024,8,1,2,3.2,0.004028,62.092,29.8716411524,7.4159983
65,31.446540880503147,8,8,32,512,2,1,8,2.8,0.000318,89.69,4.255061963999999,13.380698
66,1.262091360261309,1,256,4,32768,1,4,4,3.1,0.001232,253.6,18.925111744,15.361292
67,31.54574132492113,8,32,8,256,2,2,8,3.0,0.000317,88.078,4.208024742,13.274526
68,4.299449045875813,16,512,8,256,1,2,2,3.5,0.000471,222.22,14.721099819,31.254989
69,2.483238142537869,4,512,1024,64,4,2,8,3.1,0.004027,92.95,42.158034788,10.468844
70,8.116883116883116,1,128,128,2048,1,8,1,3.1,0.001232,29.609,3.723987344,3.022717
71,9.529570212533468,14,16,4,1024,4,4,1,2.5,0.000413,159.4,9.637962523,23.336471
72,0.5676557168982492,13,512,4096,256,8,4,8,3.6,0.000379,681.77,22.550592855,59.500245
73,30.674846625766868,5,4,32,4096,2,4,16,3.1,0.000326,82.85,3.393832128,10.410528
74,12.177598315959344,12,256,128,256,4,4,4,3.3,0.000345,154.28,7.634091689999999,22.127802
75,0.7228173990834854,16,512,2048,2048,4,16,16,2.8,0.000471,541.97,25.704508017,54.574327
76,0.3368533399001937,16,4096,8,64,1,4,1,3.8,0.000455,717.53,30.732398515,67.54373299999999
77,2.401087193472048,3,2048,32,32768,16,8,1,2.9,0.000449,304.56,10.394021781,23.149269
78,2.2057335781316167,13,16,1024,1024,1,16,2,2.1,0.000378,346.32,12.73626018,33.69381
79,1.098791710550641,11,32,4096,128,4,1,2,2.6,0.000319,534.13,14.897128059,46.699461
80,5.291805283196849,11,512,16,512,16,16,4,2.5,0.000319,243.39,7.810692989,24.484931
81,2.6856931714822627,16,128,512,256,1,8,16,3.0,0.000473,280.57,16.008585670000002,33.84479
82,0.3576192188247978,2,256,128,65536,1,8,2,3.2,0.001256,471.84,37.881434768000005,30.160378
83,1.746563147660156,7,4096,512,2048,8,8,8,2.8,0.000439,361.14,14.436144484,32.884156000000004
84,2.5345995356469317,3,512,16,32768,2,2,8,2.2,0.000449,296.43,8.784881213,19.565437000000003
85,2.8198501017452884,11,256,1024,8192,2,16,16,4.0,0.000319,333.42,10.187096568,31.934472
86,2.496059766853166,5,8,1024,32768,16,8,4,3.1,0.000325,351.1,8.289753875,25.506935
87,1.0268529301663762,6,4096,32,32768,2,16,2,3.5,0.000409,487.96,15.550072433,38.019737
88,22.779043280182236,7,8,8,1024,2,8,16,3.4,0.000439,95.048,5.496644369999999,12.52083
89,7.936507936507937,2,128,32,1024,16,16,1,3.6,0.00126,50.258,5.9982363,4.760505
90,0.6373751801241718,14,128,2048,32768,2,1,4,2.8,0.000413,616.35,22.716608635,55.003895
91,1.6839674946464886,10,512,1024,32768,16,1,1,2.9,0.000282,458.89,11.376111240000002,40.34082
92,3.7506130845444496,1,64,4,16384,1,8,16,2.9,0.00123,147.23,12.193288890000002,9.913243
93,1.116825725187477,11,4,8,65536,1,4,1,4.0,0.000319,529.8,14.164364962,44.402398000000005
94,1.3675898059232243,2,32,128,32768,8,1,1,2.5,0.00126,240.9,22.16621232,17.592232
95,5.262594786735659,5,8,4096,64,1,4,8,3.1,0.000326,241.43,6.914666684,21.210634
96,8.130081300813009,1,64,2048,8192,4,1,16,2.5,0.00123,88.506,8.85648339,7.200393
97,6.570767098406202,9,512,8,16384,4,4,1,4.0,0.00025,246.73,6.17772,24.71088
98,3.270580078300641,14,4,16,16384,2,2,2,4.0,0.000413,272.09,12.221178816,29.591232
99,25.906735751295336,4,64,32,512,1,2,1,2.2,0.000386,47.543,2.710797712,7.022792
100,23.491246042460677,6,32,4,1024,2,16,16,2.7,0.000409,102.02,4.758405387,11.634243
101,0.2703256959104596,2,128,4096,65536,4,4,2,4.0,0.00126,541.84,44.06108994,34.969119
102,22.271714922049,3,32,8,4096,4,8,1,2.8,0.000449,71.886,3.228249385,7.189865
103,4.084018389696507,14,512,8,4096,1,8,8,3.5,0.000413,243.49,12.228786689,29.609653
104,13.383325410641127,7,64,256,1024,16,4,4,2.2,0.000445,129.58,6.26438871,14.077278
105,3.687681748350077,11,2048,16,2048,4,2,16,2.5,0.000319,291.56,10.677368944,33.471376
106,3.805246923727224,16,32,16,512,8,8,8,3.5,0.000473,235.71,13.350771235999998,28.225732
107,2.3701795524858795,13,64,2048,64,16,4,2,2.3,0.000378,334.09,14.475536082,38.295069
108,7.018438647238313,5,512,64,16384,4,1,16,3.2,0.000326,209.06,5.9036435360000015,18.109336000000003
109,8.130081300813009,1,32,4,256,4,1,1,2.0,0.00123,14.05,2.3168599800000003,1.883626
110,9.106304475490584,7,256,128,512,16,16,16,4.0,0.000439,158.16,6.615110131999999,15.068587999999998
111,8.130081300813009,1,256,512,1024,16,8,16,2.6,0.00123,32.929,4.18607745,3.403315
112,31.54574132492113,8,8,64,256,2,1,8,3.1,0.000317,89.144,4.2477933430000006,13.399979
113,3.417169141679573,14,1024,32,512,2,2,16,2.5,0.000413,266.19,13.388472104000002,32.417608
114,0.1902539368999772,5,32,128,65536,1,16,16,2.5,0.000326,1265.8,19.621316036,60.188086
115,0.9584820697809088,9,1024,4096,16384,2,16,16,2.2,0.000251,644.72,13.185621105,52.532355
116,8.287793978475147,15,4,16,512,2,4,8,3.8,0.000446,164.48,10.95031688,24.55228
117,4.386014895460346,15,128,4,256,1,16,2,3.1,0.000424,231.89,11.639668776,27.452049
118,2.127651802092675,4,2048,256,128,4,4,4,3.7,0.004031,107.98,49.51430478,12.28338
119,10.585220499385168,8,64,256,64,16,16,4,3.9,0.000318,172.36,5.265985872,16.559704
120,18.59438445555205,5,512,512,4096,4,4,2,4.0,0.000326,128.44,4.39406761,13.478735
121,2.508282018514777,12,2048,256,256,8,8,1,3.4,0.000345,339.94,12.94928037,37.534146
122,2.4801587301587302,4,64,128,64,2,8,4,3.8,0.004032,54.729,28.918651104,7.1722845
123,8.262673538478728,11,256,32,4096,8,4,8,2.5,0.000319,194.78,7.163577245,22.456355
124,17.470575153224672,6,32,512,64,4,16,2,3.0,0.000409,118.3,5.295439565,12.947285
125,4.475830101379385,12,256,16,512,16,16,16,3.7,0.000345,254.48,8.568233009999998,24.835458
126,0.910842907373046,13,2048,2048,1024,8,4,2,2.1,0.000378,538.93,20.993917014000004,55.539463000000005
127,0.5426702739913253,14,16,4096,128,2,1,4,2.6,0.000413,667.97,24.292035544,58.818488
128,1.837283587136644,13,16,128,32768,2,2,2,2.7,0.000378,379.46,13.153140504,34.796668000000004
129,0.1006993033087394,16,4096,2048,1024,4,4,2,3.6,0.000473,981.58,41.893137473,88.569001
130,24.449877750611247,6,128,8,1024,4,4,2,2.8,0.000409,78.961,4.397448572,10.751708
131,21.066794551637408,3,1024,512,4096,1,2,1,3.4,0.000449,102.82,4.448074625,9.906625
132,11.765478331683155,9,1024,32,256,1,2,8,3.7,0.000295,169.74,6.0983754050000005,20.672459
133,2.1651671864507303,14,128,32,16384,8,8,2,3.6,0.000413,334.41,13.353540564,32.333028
134,22.779043280182236,7,32,256,64,1,2,4,3.1,0.000439,86.583,5.495864706,12.519054
135,1.1346177883042603,10,4096,64,8192,16,4,8,3.1,0.000282,559.05,13.447678164,47.686802
136,2.825297464591505,2,4096,4096,128,8,8,4,3.3,0.001256,167.87,18.014423664,14.342694
137,37.32136192070118,9,128,32,256,1,4,2,2.5,0.000251,103.32,3.904091399,15.554149
138,12.874115782116958,13,64,4,512,1,1,8,3.6,0.000379,143.16,8.210505537,21.663603
139,8.116883116883116,1,4,1024,64,16,1,8,3.7,0.001232,22.946,3.1451370720000003,2.552871
140,4.850120776233132,2,8,4096,4096,2,8,16,2.4,0.00126,127.92,14.0261499,11.131865
141,3.957757285656323,6,512,16,16384,16,4,8,3.0,0.000409,248.55,8.164603195,19.962355
142,0.776925115632252,5,128,64,32768,16,2,16,2.2,0.000326,628.35,12.963275248,39.764648
143,2.2507576902764286,14,32,256,16384,4,8,8,3.7,0.000413,327.99,13.574239916999998,32.867408999999995
144,7.936507936507937,2,32,32,4096,16,8,2,2.5,0.00126,69.39,7.406336699999999,5.878044999999999
145,0.3741641250505473,1,64,8,65536,2,4,16,2.8,0.00123,466.14,35.15779233,28.583571
146,7.936507936507937,2,256,1024,256,4,8,4,3.7,0.00126,48.116,6.60738204,5.243954
147,0.1023735101803092,16,4096,2048,2048,16,4,8,2.8,0.000471,970.28,41.94409488,89.05328
148,11.977507757263442,7,128,32,8192,1,2,8,2.2,0.000455,135.46,7.130141655,15.670641
149,3.490724963824248,16,64,512,512,1,2,2,2.9,0.000473,246.1,15.211940622999998,32.160551
150,4.587719890882442,15,16,4,64,2,16,1,3.6,0.000452,219.6,11.880513092,26.284321
151,8.597169809717855,6,2048,128,512,8,2,1,2.6,0.000409,168.64,7.629436102,18.653878
152,7.202734968795711,11,256,256,8192,1,1,16,2.8,0.000319,208.62,8.009299198999999,25.107521
153,5.986030102248877,9,32,1024,8192,1,4,16,3.6,0.00025,258.5,6.418999,25.675996
154,0.860791454181717,11,4096,512,8192,1,8,1,2.0,0.000319,603.47,17.37927631,54.48049
155,11.543452450734238,10,8,128,64,16,8,1,3.9,0.000282,175.27,5.282497602000001,18.732261
156,0.6636761272814039,5,64,4096,65536,8,16,1,3.7,0.000326,679.85,15.916981948000002,48.825098
157,0.1880163883664574,12,128,4096,65536,16,4,1,3.3,0.000345,964.4,26.65052343,77.247894
158,5.46996509491805,6,2048,4,8192,4,4,16,3.1,0.000409,211.42,8.875642333,21.700837
159,8.130081300813009,1,64,128,128,1,4,8,2.3,0.00123,14.88,2.4820108500000004,2.017895
160,5.894019446914816,13,256,64,4096,1,8,1,3.4,0.000379,211.58,9.815769891,25.899129
161,0.0101217401980112,13,4096,4096,65536,2,16,16,2.3,0.000378,2215.1,52.34512248000001,138.47916
162,5.691502502214646,10,8,256,16384,4,2,4,3.7,0.000282,249.61,6.938868876000002,24.605918000000003
163,2.7846655611074653,7,4,8,32768,1,1,1,3.3,0.000439,286.01,11.13257905,25.35895
164,30.674846625766868,5,64,4,128,2,16,8,3.7,0.000326,79.004,3.0376582200000004,9.31797
165,5.227683436833453,13,512,4,4096,4,4,4,4.0,0.000379,224.66,10.352100371,27.314249
166,8.4548639104596,7,1024,512,512,1,4,1,3.8,0.000439,164.14,8.092593606,18.434154
167,1.083308906625196,3,32,64,65536,2,8,1,3.8,0.000449,453.42,14.325411452,31.905148
168,13.42909371822526,7,512,64,512,4,16,16,2.7,0.000439,130.24,6.623532786,15.087774
169,2.4807740014884647,4,512,4,2048,1,8,16,3.6,0.004031,74.49,36.4159673335,9.0339785
170,2.0878823026418045,13,2048,256,2048,1,1,1,4.0,0.000379,355.49,15.310228777999995,40.396382
171,1.2429069162316395,11,4096,4,2048,2,2,2,2.0,0.000319,502.21,15.1832197,47.5963
172,2.4826216484607744,4,128,8,4096,2,1,2,3.4,0.004028,78.419,34.537336792000005,8.574314
173,7.936507936507937,2,1024,64,512,4,8,16,3.8,0.00126,43.313,6.399324288,5.0788288
174,1.9318013227843207,6,512,128,32768,16,8,2,3.3,0.000409,355.76,10.543742698,25.779322
175,5.180688385627476,3,8,4096,8192,1,1,2,2.2,0.000449,207.34,7.261910929000001,16.173521
176,2.434921028662825,13,2048,32,512,2,4,4,2.9,0.00038,328.75,14.56908866,38.339707
177,9.59840198168088,10,1024,16,1024,2,2,8,2.8,0.000282,192.21,6.558975678,23.258779
178,5.57702168618367,13,32,32,2048,16,1,1,3.2,0.000379,217.51,9.104214446,24.021674
179,7.936507936507937,2,128,256,128,2,1,1,2.9,0.00126,27.17,4.85455194,3.852819
180,0.271753626522575,14,4096,256,16384,16,16,16,3.1,0.000413,806.85,28.989838682,70.193314
181,24.001376272901435,6,64,32,4096,4,4,2,2.6,0.000409,100.93,4.872045628,11.912092
182,0.5040476843117851,2,1024,4096,65536,8,2,2,2.2,0.000642,555.9,23.344974738,36.362889
183,2.3903209849077847,15,16,1024,2048,4,4,2,2.7,0.000446,306.27,15.559239848000002,34.886188000000004
184,3.047992331582305,14,16,1024,1024,2,4,4,3.0,0.000413,281.85,13.286073297,32.169669
185,2.0758926911023026,8,4096,4,4096,2,1,4,2.1,0.000318,389.21,11.377804361999996,35.779259
186,10.585494419445372,6,2048,64,512,16,8,16,3.4,0.000267,188.1,5.145087864000001,19.269992
187,19.80833785075684,11,8,128,512,1,2,1,2.8,0.000319,125.8,6.00818317,18.83443
188,0.0352845423440809,16,4096,4096,4096,1,1,1,3.2,0.000473,1335.0,52.036527873,110.013801
189,15.443311855075056,7,128,16,1024,4,16,16,2.5,0.000439,121.45,5.998101339,13.663101
190,0.6750358206909224,14,16,128,65536,4,1,2,2.6,0.000413,598.91,20.625161354000003,49.939858
191,24.449877750611247,6,8,64,2048,2,2,4,3.8,0.000409,80.513,4.417433948,10.800572
192,1.6167651334915727,10,2048,2048,8192,4,1,2,3.6,0.000282,468.33,12.750190644,45.213442
193,30.674846625766868,5,64,32,256,4,8,2,2.9,0.000326,66.806,2.9163122180000003,8.945743
194,3.9754751130638826,12,256,512,8192,2,8,2,3.0,0.000345,270.02,10.074406065,29.201177
195,22.271714922049,3,16,1024,1024,16,2,16,2.4,0.000449,73.507,3.5862334930000004,7.987157000000001
196,4.738235696003594,7,128,2048,512,16,16,16,3.7,0.000439,219.26,9.706852798,22.111282
197,11.965483296116853,8,1024,16,512,1,16,8,3.3,0.000319,161.86,6.087541438,19.083202
198,20.78799402543073,8,64,512,64,4,2,4,3.5,0.000319,122.8,5.114421411,16.032669000000002
199,0.7175001225566064,8,512,32,32768,2,4,16,2.5,0.000317,663.07,14.662714222999998,46.254619
200,3.835204009969397,15,512,256,128,4,4,8,2.6,0.000446,241.79,14.212749346,31.867151
201,3.302807346437387,8,1024,2048,4096,2,2,4,3.4,0.000317,309.05,9.554836163,30.141439
202,7.448322882252596,14,256,16,2048,1,2,1,3.1,0.000413,180.3,10.607583686000002,25.684222
203,0.4600367636355313,15,512,4,65536,2,16,2,3.6,0.000446,698.13,25.34004081,56.816235
204,5.441728620384228,9,64,512,16384,8,1,8,3.8,0.00025,271.12,6.29457725,25.178309
205,32.37733190144582,9,256,4,256,1,4,16,4.0,0.00025,111.15,4.0420165,16.168066
206,9.081647636639062,8,512,512,1024,16,8,2,3.4,0.000319,185.79,6.256855792,19.613968
207,8.116883116883116,1,128,128,1024,4,8,16,3.3,0.001232,25.744,3.490466672,2.833171
208,4.926340140487082,16,16,32,512,8,4,2,2.7,0.000471,207.6,12.889345023,27.365913000000003
209,4.50702790921796,11,256,16,16384,1,2,16,3.5,0.000319,263.73,8.731795281,27.372399
210,2.655912761161293,10,16,128,32768,2,2,8,3.2,0.000282,365.4,8.575728006,30.410383
211,12.010870844240664,5,128,2048,2048,8,8,16,3.4,0.000326,159.81,5.4106330840000005,16.597034
212,2.7854921544202056,11,2048,32,4096,8,1,8,3.6,0.000319,335.47,11.106486786999998,34.816573
213,2.315926240877063,16,64,128,2048,16,8,1,2.3,0.000471,302.78,14.894835234,31.623854
214,0.2578417559177004,13,16,2048,32768,4,4,16,3.2,0.00038,889.99,25.881014539999995,68.10793299999999
215,0.2245473092061658,4,64,1024,32768,4,2,8,3.4,0.004026,332.59,91.0115075958,22.6059383
216,0.093133845908903,4,4,16,65536,4,4,8,2.7,0.004023,516.62,132.37205981399998,32.903818
217,1.1238573617011496,11,32,4096,1024,16,8,4,3.3,0.000319,528.14,15.007839561,47.046519
218,0.5676640837872501,11,4096,16,32768,4,1,8,2.8,0.000319,743.12,19.11323271,59.91609
219,8.116883116883116,1,64,4096,512,1,8,4,3.1,0.001232,55.328,5.983646592,4.8568560000000005
220,6.154376036154596,9,1024,512,4096,2,1,4,4.0,0.00025,254.94,6.57346275,26.293851
221,3.312969829116555,15,16,128,8192,8,4,1,2.4,0.000446,260.15,13.366258294,29.969189
222,3.904661767340937,16,512,16,256,1,4,4,3.7,0.000473,232.69,14.934384696,31.573752
223,24.449877750611247,6,32,8,32768,1,8,4,3.8,0.000409,31.0,9.668159588000002,23.638532
224,4.124718377866509,15,32,16,512,2,16,16,3.1,0.000446,233.15,12.109575690000002,27.151515
225,21.691095752215386,10,256,128,256,1,2,1,2.7,0.000282,127.86,5.224344407999999,18.526044
226,22.271714922049,3,512,16,128,8,4,8,2.7,0.000449,52.749,2.896762563,6.451587
227,2.545403946615349,8,16,256,32768,2,8,4,3.4,0.000317,352.04,8.906691305999999,28.096818
228,0.7623978301975369,11,256,1024,65536,4,2,1,2.9,0.000319,641.23,16.908601699000002,53.005021000000006
229,30.1864551027146,9,4,8,1024,4,2,4,3.8,0.000295,105.97,4.44199967,15.057626
230,1.121902199216011,11,64,4096,128,2,2,1,2.3,0.000319,528.6,14.882934473,46.654967
231,1.28921998564937,7,512,1024,32768,2,8,8,2.3,0.000445,417.5,14.113029484999998,31.714673
232,3.245416534369469,8,2048,64,8192,16,8,4,2.5,0.000318,311.28,9.072219774,28.528993
233,0.4331730963933186,6,32,4096,65536,2,8,4,2.4,0.000409,751.29,21.255785624000005,51.970136
234,0.364520041785476,12,1024,4096,16384,4,16,1,2.3,0.000345,804.31,22.94967945,66.52081
235,0.8785486934728762,10,64,512,65536,2,8,8,2.0,0.000282,635.32,13.276695642000002,47.080481
236,2.01749334678298,15,256,256,8192,1,16,4,3.2,0.000446,333.37,15.308861246,34.324801
237,3.486383275354406,6,2048,32,16384,1,8,1,2.0,0.000409,264.82,10.203345495,24.947055
238,1.4257568029622656,7,4096,512,4096,16,4,2,4.0,0.000439,399.71,15.026905905999998,34.229854
239,0.0928124733366905,4,8,128,65536,16,2,4,2.5,0.004017,517.9,134.466978126,33.474478
240,15.023763120833118,5,32,2048,1024,4,2,4,3.0,0.000326,142.89,4.961657082,15.219807
241,16.139858447925775,3,1024,16,8192,4,16,8,2.0,0.000449,117.47,5.083045935,11.320815
242,3.24849296239338,1,64,2048,16384,4,16,2,2.0,0.00123,158.2,13.34056278,10.845986
243,7.260391351462106,11,1024,4,512,2,2,8,3.0,0.000319,207.79,8.030053338999998,25.172581
244,6.252760284114723,3,1024,32,16384,8,8,4,2.3,0.000449,188.73,6.443077262,14.349838
245,1.4869449742451362,16,4,1024,4096,1,4,16,3.7,0.000473,377.07,18.995798723,40.160251
246,0.9469234880799936,11,4,128,65536,2,2,4,3.6,0.000319,575.37,14.274170823,44.746617
247,2.488181139586962,4,256,16,2048,16,16,16,2.4,0.004019,99.217,37.507020094000005,9.332426000000002
248,1.9769429758638304,8,4096,512,256,8,4,8,2.6,0.000317,399.46,11.729280545,37.000885
249,20.79476701358339,11,4,8,512,4,1,16,2.2,0.000319,122.78,5.874466026,18.415254
250,5.8347902798292415,14,4,512,256,2,4,4,3.1,0.000413,203.71,11.341838627,27.462079
251,2.3402326866824947,8,4096,128,64,2,4,4,2.2,0.000318,366.57,11.06988051,34.810945000000004
252,0.1353184578888137,8,64,1024,65536,8,4,16,3.5,0.000317,1333.4,21.779199383,68.704099
253,1.0176043873865,15,512,2048,2048,2,1,4,3.2,0.000446,469.4,22.111307658,49.576923
254,30.674846625766868,5,64,32,256,8,16,1,3.8,0.000326,89.76,3.15728066,9.68491
255,0.4009050619547938,4,2048,4096,512,1,16,1,2.9,0.004026,248.91,89.002274724,22.106874
256,8.130081300813009,1,1024,64,256,2,1,1,2.8,0.00123,24.409,3.53193393,2.871491
257,3.2988674885726,1,2048,32,16384,8,16,4,3.8,0.001232,156.86,12.881608431999998,10.455851
258,30.674846625766868,5,512,8,128,8,8,8,2.2,0.000326,84.053,3.4428439460000004,10.560871
259,2.487268424203494,8,4,64,32768,8,2,8,2.7,0.000318,355.57,8.640335387999999,27.170866
260,0.8944216366743241,14,1024,128,32768,1,4,8,2.2,0.000413,520.3,19.106553746,46.262842
261,23.719673019457225,5,8,1024,1024,16,1,16,3.9,0.000326,113.72,4.061682574,12.459149
262,22.884461147853724,11,16,4,128,1,4,1,3.5,0.000319,117.04,5.707648166000001,17.892314000000002
263,8.116883116883116,1,128,1024,4096,4,4,1,3.5,0.001232,54.339,5.366323424000001,4.3557820000000005
264,3.3972305851084,14,512,512,128,1,8,1,2.0,0.000413,266.97,13.509103209,32.709693
265,22.779043280182236,7,4,32,1024,2,1,1,3.7,0.000439,81.91,5.221408052,11.893868
266,8.130081300813009,1,128,64,256,4,4,1,2.0,0.00123,15.006,2.53433874,2.060438
267,15.254759304706226,9,256,512,2048,4,4,8,3.9,0.00025,161.93,4.967435,19.86974
268,8.116883116883116,1,2048,64,512,4,2,16,3.2,0.001232,33.288,4.709679744,3.822792
269,5.952258515875915,11,64,1024,2048,2,1,1,2.4,0.000319,229.49,8.367997791999999,26.231968
270,1.962948193861292,15,256,16,16384,8,2,4,3.5,0.000446,337.97,15.284997124,34.271294
271,0.6566397223441462,11,2048,4096,128,1,4,8,2.8,0.000319,684.7,19.314465247,60.546913
272,7.5112998636166335,11,256,64,8192,2,1,4,3.2,0.000319,204.29,7.469268246,23.414634
273,1.4162472924490916,15,2048,256,256,1,4,1,3.4,0.000446,397.89,20.468190138,45.892803
274,12.427651729508176,12,256,8,1024,4,1,1,3.2,0.000345,152.72,7.469396970000001,21.650426000000003
275,1.2324160040608432,16,2048,128,1024,2,2,8,2.4,0.000471,415.06,22.761207351,48.325281
276,7.062279412887185,12,16,256,1024,2,16,1,2.5,0.000345,202.59,8.124235259999999,23.548508
277,2.222920359303485,3,2048,64,32768,2,1,4,3.6,0.000449,316.53,10.106084367,22.507983
278,0.7466457998418321,4,4,256,16384,2,2,16,2.9,0.004023,182.46,60.45574916699999,15.027529
279,8.130081300813009,1,32,128,512,16,16,2,2.0,0.00123,25.275,3.6435404399999993,2.962228
280,4.666529781793066,8,16,2048,2048,4,16,16,3.1,0.000317,260.0,8.12644082,25.63546
281,0.5245452150645674,16,128,64,65536,2,2,4,3.5,0.000473,634.86,25.362887198,53.621326
282,4.3019384245450745,6,256,2048,8192,1,8,2,2.8,0.000409,238.4,9.009267541000002,22.027549
283,1.00790170858237,8,4,16,65536,4,4,8,3.4,0.000317,559.45,12.499537922999998,39.430719
284,0.1730786668363804,12,4096,256,65536,8,16,2,2.7,0.000345,985.47,27.182889480000004,78.79098400000001
285,0.6471475592337189,11,4096,16,32768,1,16,2,2.9,0.000319,695.99,18.781014945,58.874655
286,6.0051075661740105,12,32,32,1024,16,8,4,3.6,0.000345,219.7,7.762787729999999,22.500834
287,11.771401830183017,6,32,1024,1024,8,16,1,2.3,0.000409,144.12,6.209743932,15.182748
288,3.755088058327517,2,4096,512,4096,16,2,8,2.4,0.00126,145.38,15.235219440000002,12.091444
289,1.3019473699235269,16,2048,64,128,1,4,2,4.0,0.000473,402.97,22.229917303,46.997711
290,1.5568313944516226,15,2048,16,1024,1,4,1,3.4,0.000446,379.5,19.680460478,44.126593
291,0.2344033920495053,15,2048,256,65536,1,2,1,2.5,0.000446,809.53,32.329857174000004,72.48846900000001
292,6.256645487479846,10,8,8,16384,2,2,8,2.4,0.000282,238.07,6.654227382,23.596551
293,0.2557833574163639,2,256,4096,65536,4,8,4,2.7,0.00126,557.03,44.60952006,35.404381
294,3.085998572400926,13,32,1024,4096,8,8,4,2.2,0.000378,292.79,12.149291574,32.140983
295,0.2164274205907305,4,512,1024,32768,2,16,2,3.0,0.004022,338.94,94.296437542,23.445161
296,6.038746347585152,15,128,8,256,8,2,4,2.3,0.000446,192.69,11.752470626,26.350831
297,7.830827268138348,10,64,512,8192,1,2,16,2.9,0.000282,212.8,6.799277748000001,24.110914
298,3.0861618134346878,15,8,64,8192,8,8,8,2.1,0.000446,269.54,13.486489636,30.238766
299,0.1557431443489908,16,4096,1024,4096,4,2,16,2.1,0.000471,876.47,37.64611626,79.92806
300,10.792096941366266,8,16,512,4096,16,1,16,2.4,0.000318,170.7,5.910466932,18.586374000000003
301,1.011248960412959,10,4096,256,16384,1,2,16,2.4,0.000282,592.17,14.603076156,51.783958
302,22.271714922049,3,32,1024,512,1,8,4,2.2,0.000449,76.204,3.5804418420000004,7.974258
303,0.869110731130294,16,512,8,32768,8,8,2,3.8,0.000473,493.21,21.190682381,44.800597
304,19.78037058028744,5,8,16,4096,16,8,8,3.9,0.000326,124.53,3.70093782,11.35257
305,0.0940216339952335,4,1024,4,65536,4,4,8,2.2,0.003547,547.59,125.760154826,35.455358000000004
306,2.4807740014884647,4,128,16,4096,2,1,4,3.8,0.004031,79.958,34.6261335972,8.5899612
307,21.37573371431105,11,32,64,128,2,2,2,2.5,0.000319,121.1,5.885223025,18.448975
308,0.3505522485019067,4,128,4096,8192,8,1,4,3.1,0.004025,266.22,83.8157467,20.823788
309,2.773866480497044,6,128,2048,16384,16,16,1,2.3,0.000409,296.89,10.617067809000002,25.958601
310,15.312134391057011,10,32,8,4096,8,4,16,2.3,0.000282,152.18,5.40773352,19.17636
311,1.3580057121059153,5,16,256,65536,1,2,1,3.4,0.000326,475.27,11.56689402,35.48127
312,8.130081300813009,1,128,1024,1024,4,4,8,2.7,0.00123,28.56,3.74052102,3.041074
313,12.092596703425162,8,16,1024,512,4,2,16,2.4,0.000318,161.26,5.934440316,18.661762
314,0.3514611693997962,15,128,4096,512,4,1,8,2.1,0.000446,739.68,28.895893554,64.788999
315,22.271714922049,3,2048,64,128,4,1,8,2.0,0.000449,78.529,4.266071128,9.501272
316,22.271714922049,3,32,16,256,16,16,16,4.0,0.000449,65.292,2.8694166669999994,6.390682999999999
317,8.116883116883116,1,16,128,2048,2,2,8,3.9,0.001232,27.621,3.2987303888000006,2.6775409000000003
318,2.6046233059688904,15,128,1024,2048,8,1,16,3.6,0.000446,293.4,15.95248117,35.767895
319,2.016411044213779,9,512,4096,128,16,1,8,2.7,0.00025,445.39,10.2122805,40.849122
320,1.2996040774975377,10,16,2048,32768,8,8,4,3.8,0.000282,522.36,12.189582822,43.225471
321,4.028683825972541,9,16,2048,8192,1,8,2,3.0,0.00025,315.1,7.5136885,30.054754
322,8.116883116883116,1,32,32,8192,1,16,1,3.5,0.001232,78.308,7.106858528,5.768554
323,5.813804310209637,5,8,4096,512,16,1,1,2.4,0.000326,229.7,6.927086632,21.248732
324,10.95949437294296,5,256,1024,8192,16,2,8,3.5,0.000326,167.3,5.22293565,16.021275
325,0.0162144980852425,14,1024,4096,65536,1,4,16,2.9,0.000413,1964.1,48.754075517,118.048609
326,10.280309086004769,8,64,8,8192,8,8,1,3.6,0.000316,175.45,5.589595072,17.688592
327,1.3587765100101614,2,256,8,32768,2,8,1,2.7,0.00126,241.68,22.241142000000004,17.6517
328,17.190935928081746,5,2048,256,128,4,4,1,2.1,0.000326,133.58,5.1729093200000005,15.86782
329,8.116883116883116,1,256,128,128,16,8,4,3.2,0.001232,21.647,2.965340224,2.4069320000000003
330,5.3137510498431215,10,2048,128,128,4,8,4,3.5,0.000282,258.33,8.478372582,30.065151
331,0.6300027218807508,6,4096,4096,16384,1,2,8,3.7,0.000409,622.97,19.639591858,48.018562
332,5.257835476437062,10,512,128,4096,16,16,2,3.6,0.000282,259.7,6.863456436,24.338498
333,12.96284475386945,5,512,2048,128,8,1,2,3.9,0.000326,153.83,5.383265710000001,16.513085
334,7.046816066899944,16,4,16,512,4,1,4,3.7,0.000473,173.21,12.331343189,26.070493
335,2.210009043264671,10,2048,2048,256,2,16,8,3.6,0.000282,400.57,11.892036444000002,42.170342000000005
336,0.1462332204605099,10,512,64,65536,2,2,16,3.9,0.000282,1328.6,19.831635618000004,70.324949
337,2.2343095148028165,8,4096,256,512,4,8,2,2.3,0.000319,374.57,11.330320155,35.518245
338,1.5712922575908173,4,2048,128,2048,8,2,4,2.5,0.004024,125.76,52.476819016,13.040959
339,1.0812219264307812,5,32,128,65536,1,16,4,2.1,0.000326,532.64,11.733942288,35.993688
340,8.094917649828009,10,16,8,8192,1,16,2,2.2,0.000282,209.3,6.022840098000001,21.357589
341,2.660547822430017,15,512,512,256,8,1,16,3.9,0.000446,290.3,15.550173114,34.865859
342,8.130081300813009,1,4096,4096,128,16,2,1,2.2,0.00123,81.159,9.56813925,7.778975
343,6.450017481872284,16,32,64,512,4,1,16,2.8,0.000471,181.43,12.784468866,27.143246
344,5.738304405777572,10,256,512,2048,16,16,1,3.3,0.000282,248.59,6.853997874000002,24.304957
345,22.271714922049,3,16,512,256,1,2,8,3.8,0.000449,48.92,2.77536329,6.18121
346,17.818455299721425,3,1024,2048,1024,2,4,1,2.1,0.000449,111.8,5.184052975,11.545775
347,0.1310100460151727,15,4096,2048,4096,4,2,2,3.3,0.000446,934.28,37.470486178,84.014543
348,14.72448695875013,9,8,256,2048,16,2,8,3.4,0.00025,164.82,4.484630500000001,17.938522000000003
349,21.380349120148395,9,8,256,2048,2,8,1,3.3,0.00025,136.78,4.3472705000000005,17.389082000000002
350,21.910091064911494,10,128,4,512,1,8,1,2.5,0.000268,130.5,4.77734254,17.825905
351,2.482005460412013,4,1024,8,1024,4,8,16,3.4,0.004029,81.654,39.433535325,9.787425
352,6.230177842357616,14,64,64,4096,4,1,8,2.2,0.000413,197.14,10.704672139,25.919303000000003
353,21.231668073214998,3,32,32,8192,8,1,2,3.7,0.000449,102.42,3.836169792,8.543808
354,11.989069814854057,8,128,1024,256,2,4,1,3.3,0.000317,162.21,5.941798230999999,18.743843
355,15.589271259767251,5,2048,16,2048,4,1,8,3.4,0.000325,140.49,5.074844125,15.614905
356,0.3417651249072204,2,2048,1024,65536,4,8,1,3.4,0.001256,482.66,42.77019747999999,34.052705
357,0.104645162312885,6,32,2048,65536,8,4,16,3.2,0.000409,1346.0,27.868158154,68.137306
358,14.367816091954024,4,1024,128,128,1,16,8,2.9,0.000696,84.034,6.760558416,9.713446
359,0.2495732347834888,16,64,4096,8192,16,1,8,2.4,0.000471,783.27,33.27753945,70.65294999999999
360,4.319862991657343,14,8,128,8192,1,8,16,3.9,0.000413,236.75,11.721912202,28.382354
361,4.770586177583374,10,128,2048,512,4,2,1,2.7,0.000282,272.64,8.474596038000001,30.051759
362,15.57632398753894,2,32,4,2048,2,1,1,2.1,0.000642,37.002,2.79065202,4.34681
363,2.6303248810067488,12,128,2048,1024,4,4,1,2.0,0.000345,331.96,12.559556985,36.404513
364,15.42273998000835,3,16,2048,4096,4,8,4,2.3,0.000449,120.17,4.9786336790000005,11.088271
365,0.3739095741018204,1,64,8,65536,1,1,16,3.0,0.001232,465.92,35.1600702992,28.5390181
366,0.9621131956206458,11,4096,1024,64,8,1,8,3.1,0.000319,570.81,16.994921823000002,53.275617
367,2.845032004601458,16,256,256,4096,1,8,1,3.5,0.000473,272.6,15.67502607,33.13959
368,2.4801587301587302,4,512,256,1024,8,8,8,3.8,0.004032,79.769,36.8356798656,9.1358333
369,0.4963359925185208,13,4096,32,16384,1,2,4,2.7,0.000379,705.63,23.496649244000004,61.996436
370,6.356635779554088,8,128,2048,128,16,8,4,3.1,0.000317,222.77,7.711238657999999,24.325674
371,0.2777144597174371,16,8,4096,1024,1,1,4,2.3,0.000476,770.63,32.23365614,67.717765
372,1.3719453561189017,9,32,32,65536,4,1,2,2.9,0.00025,539.96,10.26924725,41.076989
373,8.176067653153053,15,8,8,512,2,4,16,3.8,0.000446,165.6,11.022210296,24.713476
374,4.891241913845139,11,64,1024,4096,8,8,1,2.7,0.000319,253.16,8.821043505999999,27.652174
375,5.627487811010193,6,64,32,16384,4,16,1,3.6,0.000409,208.44,7.333959778,17.931442
376,0.906146972859712,16,256,2048,4096,8,2,8,2.9,0.000471,484.05,24.060032712,51.082872
377,3.543633826394544,12,128,1024,4096,16,1,1,2.1,0.000345,286.0,10.62060006,30.784348
378,0.3414402028130841,7,8,4096,65536,2,8,8,3.1,0.000439,816.79,24.705567441,56.276919
379,8.116883116883116,1,128,256,1024,1,16,4,3.2,0.001232,28.315,3.595636352,2.918536
380,15.57632398753894,2,256,4,4096,2,1,16,2.1,0.000642,53.238,3.7549938,5.8489
381,6.121574269093825,12,256,512,256,8,8,2,2.3,0.000345,217.6,9.0422223,26.20934
382,22.271714922049,3,128,128,4096,2,2,1,2.9,0.000449,69.424,3.2568412560000004,7.253544000000001
383,7.936507936507937,2,2048,16,4096,16,8,1,4.0,0.00126,93.295,10.42721064,8.275564
384,22.849852840092755,9,64,128,128,8,2,4,3.6,0.000295,121.8,4.7363778100000005,16.055518
385,2.481389578163772,4,32,32,4096,2,4,16,3.6,0.00403,72.724,35.303424246999995,8.7601549
386,12.632236810752264,5,1024,64,8192,4,4,16,3.3,0.000326,155.83,5.125360264,15.721964
387,1.4938032615319494,7,1024,512,32768,8,1,1,2.6,0.000439,390.5,14.336106919999995,32.656279999999995
388,10.47442277635126,5,512,1024,8192,2,2,8,3.5,0.000326,171.13,5.4236949260000005,16.637101
389,2.0930875136006213,8,16,4096,64,8,1,4,3.8,0.000319,387.0,10.780240702,33.793858
390,6.82887728182948,14,16,16,2048,2,8,16,2.2,0.000413,188.3,10.33624599,25.02723
391,3.905074105061752,7,64,32,16384,2,16,16,3.8,0.000439,241.52,9.029456921,20.568239
392,7.936507936507937,2,16,128,512,16,4,16,3.3,0.00126,40.263,5.47818642,4.347767
393,2.2219413294703143,14,16,1024,128,1,8,1,2.7,0.000413,330.11,14.204212357999998,34.392765999999995
394,5.013634330688225,14,64,64,64,4,16,2,2.9,0.000413,219.76,10.593427698,25.649946
395,0.6327360197401029,15,128,1024,32768,16,16,1,3.8,0.000446,595.28,22.8659294,51.2689
396,30.674846625766868,5,16,128,2048,1,4,16,2.2,0.000326,73.154,3.2122276340000004,9.853459
397,1.362588719214327,6,512,2048,32768,4,8,4,2.5,0.000409,423.6,13.544051769000005,33.115041000000005
398,0.5222083485698535,13,256,128,32768,2,2,16,2.5,0.000381,708.95,20.643779007,54.183147
399,0.66675300771405,13,16,256,65536,16,2,1,2.7,0.000378,629.9,19.386859842000003,51.287989
400,5.489331088000874,7,16,8,16384,1,1,4,2.3,0.000445,202.33,8.390875054999999,18.855899
401,10.0,4,64,32,256,4,4,2,2.7,0.001,47.489,6.862029,6.862029
402,8.130081300813009,1,2048,512,8192,8,8,2,2.4,0.00123,94.198,8.827957229999999,7.177200999999999
403,0.7852320791498867,8,64,32,32768,4,2,16,3.8,0.000316,634.83,13.776257948,43.595753
404,24.449877750611247,6,128,64,256,1,1,4,2.1,0.000409,71.425,4.338432326,10.607414
405,1.8064667695090604,9,64,2048,32768,16,1,4,3.7,0.00025,470.56,9.948337,39.793348
406,1.4905743653545604,14,256,256,16384,16,8,4,2.8,0.000413,403.04,14.987466032,36.289264
407,0.5746708077477225,3,2048,32,32768,4,8,16,3.2,0.000449,622.54,17.696687092999998,39.413557
408,1.006877636764449,12,2048,1024,16384,4,2,16,2.6,0.000345,536.54,17.4770652,50.65816
409,0.7059666747968049,16,128,2048,16384,16,4,16,2.2,0.000471,548.4,26.171988705000004,55.566855
410,10.22033338335894,10,4,1024,256,8,4,16,3.9,0.000282,186.27,6.42057741,22.768005
411,7.214720406446641,10,4,1024,2048,16,4,8,3.6,0.000282,221.7,6.806796996000001,24.137578
412,3.5263508444634355,12,16,128,16384,4,8,4,2.4,0.000345,286.7,9.740959425,28.234665
413,2.028711467481251,12,128,2048,4096,2,8,4,3.2,0.000345,377.99,13.1627574,38.15292
414,2.017701537714555,7,16,4096,128,1,2,4,3.6,0.000439,336.0,12.903140241,29.392119
415,7.961783439490446,2,256,4,512,2,2,4,2.8,0.001256,29.131,4.884486031999999,3.888922
416,1.0461120448998462,15,16,512,32768,1,1,4,2.3,0.000446,462.96,19.233224612,43.123822
417,1.3241816651745886,16,2048,16,1024,1,1,8,2.3,0.000471,400.42,22.196657331,47.126661
418,8.130081300813009,1,4,32,256,4,1,1,2.9,0.00123,14.036,2.275423125,1.8499375
419,0.6052273006783531,12,8,4096,16384,8,1,1,2.3,0.000345,692.04,19.92645273,57.757834
420,6.656075966764134,13,256,64,4096,2,4,8,3.9,0.000379,199.1,9.639962782,25.435258
421,2.476228165656647,7,1024,512,16384,16,16,1,3.4,0.000439,303.3,11.493790444999998,26.181755
422,0.7381018653787654,4,4096,64,64,4,4,4,2.2,0.004017,183.65,68.93735585099999,17.161403
423,2.3622823775343296,16,256,64,128,16,8,1,3.4,0.000473,299.16,14.946213953,31.598761
424,0.4782604691697113,15,64,16,65536,16,4,4,3.7,0.000446,684.7,23.547424982,52.796917
425,3.733899180413396,14,256,16,128,16,8,8,3.3,0.000413,254.65,11.284059514,27.322178
426,2.079927025196578,13,128,2048,1024,1,1,2,2.1,0.000378,356.64,14.801055696000002,39.156232
427,2.055419697266329,8,4096,128,2048,8,1,2,3.4,0.000319,390.53,11.345430227999998,35.565611999999994
428,0.7830734403421358,12,64,4096,256,4,8,8,2.2,0.000345,608.4,17.994788415000002,52.158807
429,2.633490666852852,6,16,4096,512,1,8,16,3.3,0.000409,304.7,10.676475468,26.103852
430,2.073349185571601,4,512,1024,2048,2,8,4,2.5,0.004024,109.48,45.549362176,11.319424
431,1.2782686530781202,9,256,16,65536,1,16,1,2.8,0.000251,558.28,11.032357616,43.953616
432,3.5116372964823794,12,256,512,8192,16,2,8,2.6,0.000345,287.3,10.303049295,29.863911
433,0.6346649725275304,12,4096,1024,256,1,4,2,4.0,0.000345,675.8,20.69656173,59.990034
434,0.485976952090708,13,4096,16,16384,2,4,2,2.9,0.00038,710.23,23.62306252,62.165954
435,8.397807407256684,6,32,2048,64,2,8,2,2.4,0.000409,170.63,7.395796079,18.082631
436,0.6821686288399785,13,16,128,65536,16,2,1,3.8,0.000379,621.92,19.007716773,50.152287
437,1.2690092972052274,14,64,2048,256,2,16,4,2.3,0.000413,436.81,17.928141672,43.409544
438,10.849429293036115,14,4,4,256,1,2,16,3.4,0.000413,149.39,9.447902814,22.876278
439,8.161852889018329,10,16,1024,2048,4,2,16,3.9,0.000282,208.44,6.699286188,23.756334
440,8.116883116883116,1,128,4096,4096,8,4,1,3.0,0.001232,83.386,7.898299023999999,6.410957
441,0.8081772428751957,16,256,2048,8192,4,1,4,2.8,0.000471,512.55,24.682031073,52.403463
442,4.188010975165086,2,64,8,16384,4,4,1,3.1,0.001256,137.88,13.085446344,10.418349
443,7.482433462900023,7,1024,256,4096,1,8,8,2.2,0.000445,173.3,8.466420035,19.025663
444,5.585834454522918,16,4,256,512,1,2,2,2.4,0.000471,194.96,13.400530743,28.451233
445,8.208401041953907,9,8,4,16384,1,4,2,3.3,0.00025,220.75,5.4098395,21.639358
446,30.039412204462558,10,32,4,64,2,4,8,3.9,0.000282,108.65,4.6199825940000006,16.382917
447,22.17294900221729,8,16,32,64,1,4,1,3.4,0.000451,86.752,5.941375231,13.173781
448,11.821024469369345,10,16,128,64,8,16,2,2.9,0.000282,173.2,5.375574804000001,19.062322
449,0.7523077170524612,8,2048,32,65536,16,16,1,2.1,0.000318,646.53,16.340313929999997,51.384635
450,1.772796385901803,13,16,1024,16384,4,4,8,4.0,0.000379,385.79,13.870137171999996,36.596668
451,22.779043280182236,7,32,256,512,1,2,16,3.9,0.000439,92.291,5.669723192999999,12.915087
452,1.8812412223400965,7,128,4096,256,1,4,4,2.1,0.000455,341.8,13.670378085000005,30.044787000000003
453,0.9862567450187014,11,4096,1024,512,4,16,8,3.1,0.000319,563.78,17.018831511000002,53.350569
454,2.282715320485844,12,512,512,16384,1,4,4,2.7,0.000345,356.34,12.034637415,34.883007
455,2.437685075739958,15,8,1024,4096,8,2,4,2.5,0.000446,303.28,15.840901336,35.517716
456,21.76049308929172,9,32,512,64,1,1,2,2.1,0.00025,135.58,4.5045020000000005,18.018008
457,6.468349485933443,2,16,4,16384,1,1,8,2.1,0.000642,155.18,6.83127483,10.640615
458,8.116883116883116,1,32,16,256,2,2,16,3.5,0.001232,16.927,2.569060648,2.0852765
459,24.449877750611247,6,512,16,1024,1,2,16,2.5,0.000409,94.714,5.175203381,12.653309
460,2.0165559241371662,9,4096,32,1024,2,1,4,3.8,0.000295,410.0,11.36769579,38.534562
461,22.271714922049,3,256,1024,2048,16,4,1,2.4,0.000449,81.597,3.885368967000001,8.653383000000002
462,4.576190768379472,13,128,512,64,16,1,8,3.4,0.000379,240.12,10.402645327,27.447613
463,8.556758232525818,12,32,4,64,4,16,4,2.9,0.000345,184.05,7.403876985,21.460513
464,1.5343418703734608,14,32,2048,128,8,8,8,3.4,0.000413,397.25,17.295826282,41.878514
465,3.5394291210554685,15,16,64,8192,4,8,16,3.8,0.000446,251.69,13.255552174,29.720969
466,7.301597142526944,15,32,128,512,2,4,4,2.4,0.000447,175.04,11.584529778,25.916174
467,22.271714922049,3,32,2048,1024,4,1,2,2.5,0.000449,90.184,4.239541514,9.442186
468,8.116883116883116,1,1024,128,128,16,16,8,3.6,0.001232,28.488,3.875697056,3.145858
469,2.0562536566278458,12,64,2048,256,8,16,4,2.6,0.000345,375.45,12.89831352,37.386416
470,22.271714922049,3,8,64,1024,1,4,1,3.8,0.000449,41.776,2.476287982,5.515118
471,10.898175337808215,5,2048,64,4096,2,8,8,2.0,0.000326,167.77,5.709791222000001,17.514697
472,7.936507936507937,2,256,1024,512,8,2,2,3.9,0.00126,43.323,6.4336293,5.106055
473,3.607071097765899,13,256,32,8192,2,16,16,3.5,0.000379,270.46,10.971704352,28.949088
474,0.2552179616918387,4,4096,32,16384,1,2,16,3.9,0.004029,311.85,99.777850593,24.764917
475,22.271714922049,3,32,256,128,2,16,8,2.9,0.000449,53.167,2.830753277,6.304573
476,4.186546349205128,14,32,16,8192,8,4,1,3.3,0.000413,240.49,11.271379588,27.291476
477,2.591635814923376,7,1024,64,16384,16,1,1,3.7,0.000439,296.47,10.882598402,24.789518
478,2.5070637120780264,13,64,32,16384,8,8,16,2.5,0.000381,323.56,11.89045755,31.20855
479,1.4695656093650893,9,512,4096,1024,4,1,1,3.8,0.000295,480.28,12.273323665,41.604487
480,7.936507936507937,2,4096,128,128,1,8,4,3.6,0.00126,93.619,11.38595094,9.036469
481,0.7553870349344989,4,16,4096,64,1,4,2,2.1,0.003547,193.19,59.885487193,16.883419
482,6.546276890485745,16,8,128,512,2,1,1,4.0,0.000473,179.71,12.8079886,27.0782
483,0.1489379381519176,15,4096,32,32768,8,4,4,3.5,0.000446,945.81,34.714595536,77.835416
484,7.257971171244737,2,64,4096,1024,2,2,8,3.9,0.00126,104.57,11.52482058,9.146683
485,25.30340460240072,8,256,256,512,2,2,2,3.9,0.000318,111.48,4.911160836,15.443902
486,6.6317629902629545,6,32,8,16384,4,4,2,2.1,0.000409,192.01,6.944711615000001,16.979735
487,0.3184034496464856,16,4096,4,256,2,8,8,2.2,0.000471,718.68,32.10977502,68.17362
488,2.484472049689441,4,64,512,2048,16,8,16,2.8,0.004025,95.95,39.14785035,9.726174
489,20.72462951863493,5,64,1024,1024,1,2,16,3.8,0.000326,121.66,4.2124288860000005,12.921561
490,7.644296121144849,3,1024,4096,512,16,1,2,3.2,0.000449,170.69,6.887710288,15.340112
491,0.3198079134403501,1,4096,128,65536,16,2,4,2.7,0.00123,504.2,38.506440270000006,31.306049
492,1.3982721825462283,6,16,4096,16384,4,4,2,3.1,0.000409,418.16,13.264367344,32.431216
493,5.056860879395432,7,2048,64,64,16,2,4,2.3,0.000439,212.24,9.480296751,21.595209
494,10.990068973241629,8,256,256,8192,1,4,1,2.9,0.000316,169.69,5.972938148,18.901703
495,4.289759160909381,16,128,16,1024,8,4,16,3.2,0.000473,222.0,13.584537769,28.719953
496,15.993575668282514,5,2048,128,64,8,4,1,3.6,0.000326,138.49,5.041865796,15.465846
497,2.780145281293096,8,2048,2048,1024,8,8,4,2.1,0.000318,336.32,10.984000476,34.540882
498,16.824552492178814,8,64,512,2048,4,2,2,3.0,0.000317,136.93,5.3588872190000005,16.905007
499,7.065489337350296,15,128,16,1024,4,4,8,2.3,0.000446,178.14,11.63879816,26.09596
500,1.4758299093233525,16,4,1024,8192,4,4,4,2.1,0.000471,379.29,18.829268265,39.977215
501,0.1538892110324762,15,32,2048,32768,2,8,16,3.2,0.000446,968.3,33.358357704,74.79452400000001
502,0.6431703273519228,6,1024,128,65536,16,4,8,3.0,0.000409,616.56,16.857777949000003,41.217061
503,3.776828815307274,12,1024,512,256,4,2,8,2.8,0.000345,277.03,10.88164845,31.54101
504,1.9181963813249248,9,1024,32,32768,16,16,2,3.7,0.00025,456.65,8.771869000000002,35.087476
505,8.130081300813009,1,2048,256,4096,4,16,1,2.0,0.00123,59.857,7.12104933,5.789471000000001
506,11.828096965541354,5,2048,512,2048,4,1,1,2.1,0.000326,161.04,5.780105184000001,17.730384
507,0.1235240969476978,12,8,16,65536,2,1,16,2.8,0.000345,1311.0,24.18701436,70.107288
508,3.659035248256525,1,256,64,16384,8,4,16,3.9,0.001232,148.94,12.260610208,9.951794
509,13.831961009706996,12,32,32,2048,4,1,4,3.6,0.000345,144.76,7.111539510000001,20.613158
510,13.880462781718174,6,64,16,4096,8,16,16,3.2,0.000409,132.72,5.488496154,13.419306
511,1.6658283298834633,14,2048,64,2048,8,16,2,3.8,0.000413,381.25,17.643137393,42.719461
512,10.336234635064796,11,512,256,512,4,2,4,3.9,0.000319,174.15,7.416356672999999,23.248767
513,10.076012368038048,8,256,1024,128,16,4,4,3.9,0.000317,176.94,6.271792061,19.784833
514,12.237808846270228,12,8,64,512,2,8,16,2.7,0.000345,153.9,7.267358414999999,21.064807
515,20.25121679759642,3,2048,32,4096,4,2,16,2.0,0.000449,104.87,5.165174320999999,11.503729
516,2.482005460412013,4,32,128,256,8,4,4,3.3,0.004029,56.706,29.000224273499995,7.1978715
517,8.116883116883116,1,64,16,8192,8,2,2,3.0,0.001232,77.57,6.419623056000001,5.210733
518,7.936507936507937,2,32,2048,4096,2,4,8,2.4,0.00126,95.222,10.49630274,8.330399
519,0.3205300206468515,2,2048,32,65536,8,8,2,3.8,0.00126,497.6,40.91108994,32.469119
520,1.0792353367628558,5,64,32,65536,16,2,4,3.0,0.000326,533.13,11.505291104,35.292304
521,6.2476394758531,9,32,2048,2048,2,2,2,3.3,0.00025,253.03,6.784801249999999,27.139205
522,5.453388674303422,9,128,256,16384,8,8,2,2.3,0.00025,270.83,6.16806575,24.672263
523,7.9703297489261615,11,1024,64,512,4,8,2,2.8,0.000319,198.32,8.104500602000002,25.405958
524,2.20515896801112,8,4,1024,32768,16,2,1,2.3,0.000318,377.63,10.248420366,32.227737
525,14.27775776472166,7,256,256,256,2,16,4,3.3,0.000439,126.31,6.328729799,14.416241
526,0.6218791265579425,4,32,512,16384,8,16,16,2.1,0.003546,212.95,58.349135682,16.454917
527,1.9568008834231967,11,256,8,32768,8,8,2,3.1,0.000319,400.25,10.629977984999998,33.322815
528,8.171258653595633,10,64,64,512,16,16,1,2.9,0.000282,208.32,5.62671639,19.952895
529,0.2651046166071183,11,4096,4096,128,16,8,4,3.9,0.000319,875.8,23.764736633,74.497607
530,6.656028116480443,1,4096,128,8192,2,4,2,3.4,0.001232,110.43,10.083379152,8.184561
531,1.2287419639921158,8,128,16,65536,4,4,1,2.1,0.000318,505.89,12.82468719,40.329205
532,3.009508306623722,6,4096,8,2048,1,4,4,2.1,0.000409,285.03,10.925080801000002,26.711689
533,11.847745091876773,13,64,4,1024,1,1,16,2.4,0.000381,148.84,8.498110512,22.304752
534,10.40045328628372,10,512,64,1024,2,16,4,3.0,0.000282,184.65,6.060328332000001,21.490526
535,3.598374691565813,15,512,32,64,8,1,2,3.7,0.000446,249.62,13.605416427999998,30.505418
536,2.7394273403091933,15,32,32,4096,8,16,16,2.9,0.000446,286.09,13.304111762,29.829847
537,3.3780336852933157,11,256,4,16384,1,16,4,3.7,0.000319,304.63,8.903303716999998,27.910043
538,10.413984529980867,10,4,32,8192,8,4,8,2.0,0.000282,184.53,5.842089378,20.716629
539,1.820289109793341,9,512,4096,256,4,2,2,3.0,0.00025,468.77,10.2973845,41.189538
540,8.116883116883116,1,32,128,64,1,16,1,3.8,0.001232,17.472,2.75974776,2.240055
541,4.328332601764329,15,512,128,128,1,4,2,2.0,0.000446,227.6,13.769472176,30.873256
542,0.3281215427470572,2,1024,64,65536,2,4,4,2.6,0.00126,491.81,39.15412578,31.074703
543,11.947331741172173,8,64,32,4096,16,4,4,3.4,0.000316,162.75,5.114953908,16.186563
544,6.147538226536444,12,256,256,64,16,1,4,2.9,0.000345,217.14,8.45943105,24.52009
545,6.011584097120748,9,1024,512,2048,16,16,16,2.3,0.00025,257.95,6.596891749999999,26.387567
546,5.853490602601176,5,4096,32,256,4,8,4,3.5,0.000326,228.92,7.091092342,21.751817
547,4.8215370081402815,16,4,256,2048,1,4,2,3.6,0.000473,209.4,13.725402845,29.017765
548,1.2136683520352138,9,256,4,65536,2,8,4,4.0,0.00025,574.09,10.635374,42.541496
549,8.031605661817535,15,64,32,64,4,2,1,2.6,0.000452,165.97,11.335753651999998,25.079101
550,7.936507936507937,2,128,128,8192,4,1,8,2.9,0.00126,81.883,9.1273644,7.243939999999999
551,5.780092596934394,6,32,4,16384,2,16,1,3.5,0.000409,205.67,7.254170831000001,17.736359
552,22.271714922049,3,1024,256,2048,4,8,1,2.2,0.000449,72.366,3.830903471,8.532079
553,2.485707183693761,4,32,32,1024,2,4,4,2.6,0.004023,54.385,28.770870708,7.151596
554,2.6580338648069715,6,512,4096,1024,16,2,16,2.7,0.000409,303.29,11.405816947,27.887083
555,6.037108818185756,10,64,1024,4096,16,1,4,2.2,0.000282,242.36,7.208649252000001,25.562586
556,8.116883116883116,1,512,2048,1024,2,4,8,3.5,0.001232,38.928,4.938820656,4.008783
557,8.116883116883116,1,256,64,1024,4,4,1,4.0,0.001232,21.4,2.949218272,2.393846
558,3.080205354325597,6,128,4,32768,4,2,1,3.4,0.000409,281.74,9.688334331,23.687859
559,1.4806010878401374,1,128,4,32768,1,4,16,4.0,0.001232,234.14,19.072446008,15.4808815
560,2.482250815650603,13,2048,32,256,1,8,1,3.7,0.000379,326.03,14.490891797000002,38.234543
561,1.2872524685589095,9,16,64,65536,8,2,2,2.5,0.00025,557.44,10.428142,41.712568
562,0.4911508377650522,14,32,128,32768,2,1,16,4.0,0.000413,702.13,22.303385615,54.003355
563,0.3651014307602286,16,512,16,65536,8,16,4,2.1,0.000471,758.86,28.39836096,60.29376
564,18.67464937710856,10,64,16,1024,4,8,2,3.2,0.000282,137.8,5.002734426,17.740192999999998
565,1.6542661831390868,13,1024,1024,8192,2,8,1,2.1,0.000378,399.9,15.626647008,41.340336
566,0.7260962044010283,12,4096,16,8192,8,8,4,3.7,0.000345,631.82,19.028803095,55.155951
567,5.086792458444856,13,128,16,128,16,8,4,3.8,0.000379,227.75,9.240519143000002,24.381317000000003
568,1.4604867651593016,10,4096,16,512,16,2,2,2.1,0.000282,492.75,12.42780768,44.07024
569,1.313431963383084,15,512,1024,4096,1,4,16,3.7,0.000446,413.17,19.182674526,43.010481
570,0.5206949579792115,4,512,1024,16384,8,16,8,2.2,0.003547,232.69,63.85455181700001,18.002411000000002
571,0.7269429158761003,15,2048,1024,4096,16,2,1,2.8,0.000446,555.37,25.012847182,56.082617
572,0.5115644616697794,12,16,2048,65536,8,4,1,3.0,0.000345,732.24,21.27929157,61.679106
573,0.6497458235653103,10,4096,512,32768,16,4,1,3.1,0.000282,736.2,16.978848888,60.208684
574,15.57632398753894,2,8,128,256,4,2,1,2.0,0.000642,25.7,2.34690483,3.655615
575,14.941943863587248,9,32,512,256,16,2,2,2.5,0.000251,163.29,4.701121065999999,18.729566
576,0.565503320426223,4,1024,256,16384,1,8,8,2.8,0.004024,209.63,67.82221022399999,16.854426
577,18.78310109984145,9,128,16,4096,2,4,1,3.9,0.000295,134.34,5.04465576,17.100528
578,3.3705161582207586,13,1024,128,256,2,1,4,3.9,0.000379,279.79,12.133636109,32.014871
579,5.898900439531083,14,256,64,512,8,4,8,3.9,0.000413,202.6,10.772683327,26.083979
580,8.130081300813009,1,1024,512,2048,2,2,4,2.2,0.00123,38.592,4.75398567,3.865029
581,3.984858841046808,5,128,2048,16384,4,8,16,3.9,0.000326,277.45,7.578748244,23.247694
582,0.099361574779799,4,64,1024,65536,4,8,1,3.0,0.004022,500.23,144.65493024000003,35.965920000000004
583,0.5809059052532828,3,1024,4096,65536,8,8,4,2.7,0.000449,619.19,18.462450756,41.119044
584,0.7143596480110657,15,64,256,32768,16,16,4,3.7,0.000446,560.24,19.724082846,44.224401
585,22.779043280182236,7,4,32,1024,2,1,2,2.8,0.000439,84.043,5.243701789,11.944651
586,10.90182704452587,7,16,512,2048,2,16,1,2.5,0.000439,144.55,6.880527775999999,15.673184
587,0.334197633470311,14,4096,64,16384,2,8,8,3.8,0.000413,764.0,27.607763918,66.846886
588,1.704231308058403,14,4,2048,512,8,4,16,2.4,0.000413,376.93,17.104582088999997,41.415453
589,7.936507936507937,2,2048,32,512,16,8,8,2.9,0.00126,66.358,8.123073462,6.446883700000001
590,2.23097300063535,9,4096,128,512,2,16,8,3.8,0.000295,389.8,11.39219377,38.617606
591,22.271714922049,3,2048,16,128,4,2,2,2.0,0.000449,77.47,4.216105510000001,9.38999
592,10.966706271391397,11,16,512,256,4,2,16,2.9,0.000319,169.07,7.036984966,22.059514
593,8.116883116883116,1,2048,256,256,16,1,16,3.5,0.001232,37.163,4.8586260800000005,3.94369
594,0.94291841457075,8,512,256,65536,16,8,1,3.6,0.000315,580.24,14.003788995000004,44.456473
595,8.116883116883116,1,256,8,128,4,4,2,3.0,0.001232,14.406,2.4472940800000003,1.98644
596,22.271714922049,3,1024,8,2048,8,16,1,2.9,0.000449,79.554,3.868379256,8.615544
597,21.212491746270377,6,16,32,128,16,8,8,4.0,0.000409,107.36,4.551322961,11.127929
598,1.9394151699804492,11,64,16,32768,16,8,1,3.4,0.000319,402.04,10.767182437,33.752923
599,0.4126697487167173,14,64,4096,64,4,16,4,2.5,0.000413,744.89,25.481959167,61.699659
600,5.222291334350685,13,256,512,128,2,8,1,2.7,0.00038,224.48,10.673330560000002,28.087712
601,9.001314375705691,9,1024,128,64,4,1,2,3.6,0.000295,194.06,6.554591135000001,22.218953000000003
602,3.392560531650925,3,512,16,32768,1,2,1,3.1,0.000449,256.22,8.777918120999999,19.549929
603,0.7164524247890615,16,256,1024,32768,4,2,1,3.4,0.000473,543.22,24.502623651,51.802587
604,1.5465186192488796,4,2048,256,4096,2,4,16,2.1,0.003549,134.98,51.238325502,14.437398
605,5.3504337666338655,5,1024,64,16384,8,16,4,2.9,0.000326,239.44,6.371355084,19.544034
606,14.1332010556167,10,128,512,256,1,1,8,3.3,0.000282,158.4,5.797859088,20.559784
607,0.9191461002080168,4,4,2048,8192,16,4,1,2.8,0.004022,164.47,61.109310764,15.193762
608,17.324444822350184,8,128,32,512,16,1,8,3.8,0.000317,134.94,4.7300888720000005,14.921416
609,7.74438929339874,14,256,32,1024,1,1,4,2.9,0.000413,176.82,10.48625585,25.39045
610,3.275783719617697,7,256,32,16384,16,8,16,3.4,0.000439,263.7,9.518865096,21.683064
611,1.8922675317662183,14,2048,16,512,4,8,8,4.0,0.000416,356.42,17.131144992,41.180637
612,2.1981114482950592,15,1024,8,256,8,16,2,2.4,0.000446,319.38,16.103576158,36.106673
613,0.7635603208266927,6,2048,64,65536,1,8,1,3.7,0.000409,565.87,18.156430659,44.392251
614,7.936507936507937,2,32,512,256,16,4,1,2.6,0.00126,39.433,5.67959238,4.507613
615,9.80340931588606,11,128,32,1024,1,16,1,2.1,0.000319,178.82,6.723412113,21.076527
616,0.0364134438014086,16,4096,4096,4096,16,8,8,3.7,0.000473,1311.7,52.1334451,110.2187
617,2.1954024439212545,4,256,16,4096,8,16,1,2.9,0.004025,106.38,39.091858575,9.712263
618,1.2525181623706405,13,2048,1024,1024,16,1,1,2.6,0.00038,458.37,18.02524528,47.434856
619,1.0965733407432303,11,4096,128,4096,1,8,4,3.6,0.000319,534.67,15.680056458,49.153782
620,4.711193077595713,9,2048,512,512,1,2,4,3.8,0.000295,268.24,8.73283721,29.602838
621,0.6945044025504481,7,4,256,65536,8,2,8,2.3,0.000445,568.83,17.656565819999997,39.677676
622,30.674846625766868,5,4,32,1024,8,1,4,4.0,0.000326,73.251,2.9221769580000005,8.963733000000001
623,3.0312918832214573,5,4096,256,8192,16,4,1,2.8,0.000326,318.11,8.695552524,26.673474
624,0.9591199675917274,11,16,4096,64,2,16,4,4.0,0.000319,571.7,15.193154317,47.627443
625,2.5607410076810333,12,8,2048,512,2,8,1,3.6,0.000345,336.44,12.298202925,35.646965
626,13.371353359246898,10,32,128,256,1,16,16,2.8,0.000282,162.85,5.352225768000001,18.979524
627,0.0183343397441716,15,4096,4096,65536,1,1,1,2.3,0.000446,1635.2,57.2288691,128.31585
628,14.21911509486256,6,128,512,2048,2,16,1,3.6,0.000409,131.13,5.739620927,14.033303
629,11.990040173378976,9,8,1024,1024,2,1,4,2.8,0.00025,182.65,5.2110615000000005,20.844246
630,6.041096340414045,10,8,16,16384,4,4,16,2.0,0.000282,242.28,6.908120159999999,24.49688
631,22.675736961451246,7,4,16,64,1,2,2,2.9,0.000441,73.943,5.037113906999999,11.422027
632,0.143475012084137,8,64,512,65536,16,2,16,3.6,0.000315,1331.2,21.119084280000003,67.044712
633,22.316741370298043,5,4,32,8192,4,4,1,3.6,0.000326,117.24,3.861165516,11.844066
634,1.1743970228086935,13,16,256,32768,8,16,4,2.9,0.00038,473.37,14.79700202,38.939479
635,2.483238142537869,4,1024,512,64,2,8,8,3.1,0.004027,86.47,41.968230197,10.421711
636,10.464526361108408,13,32,256,128,4,1,8,2.6,0.00038,158.58,8.83556734,23.251493
637,4.572596410921462,10,64,1024,4096,1,8,8,3.8,0.000282,278.48,7.590016464,26.914952
638,0.017018336691367,11,4096,4096,65536,16,4,16,3.6,0.000319,2061.7,39.843966404,124.902716
639,1.061572405463113,9,4096,4,32768,4,1,1,3.5,0.00025,613.84,12.85930225,51.437209
640,5.3103452905893525,8,2048,512,1024,8,8,1,3.0,0.000317,243.73,8.45517933,26.67249
641,7.838619028722803,7,64,4,8192,2,16,2,3.8,0.000439,170.47,6.9995239940000005,15.944246
642,0.647148792557569,12,256,64,65536,16,16,1,3.4,0.000345,669.25,17.71582797,51.350226
643,1.6737564578225388,13,4,64,32768,4,4,8,3.7,0.000379,397.04,13.228438248999998,34.903530999999994
644,4.384489097115887,11,64,1024,4096,2,8,2,2.0,0.000319,267.39,8.896006273000001,27.887167
645,2.485707183693761,4,32,64,128,2,4,8,2.4,0.004023,47.312,27.571340844,6.853428
646,25.19055435778598,5,8,32,8192,1,2,8,2.8,0.000326,110.35,3.8533770500000006,11.820175
647,4.08851445888827,15,64,16,4096,8,4,8,2.3,0.000446,234.18,12.496403086,28.018841
648,6.667000991698476,8,2048,256,256,2,2,16,3.4,0.000319,216.84,7.920912911999999,24.830448
649,11.287163824611724,12,16,32,1024,2,8,16,3.6,0.000345,160.25,7.285840755,21.118379
650,13.774808143294432,12,256,16,256,1,2,8,3.6,0.000345,145.06,7.365633045,21.349661
651,15.64161798782345,8,256,8,4096,8,2,2,2.2,0.000318,141.79,5.231155332,16.450174
652,7.665645091779202,5,256,2048,8192,1,4,1,3.6,0.000326,200.04,6.152094330000001,18.871455
653,0.3509876855019225,2,8,4,65536,2,4,4,2.4,0.00126,475.52,40.1936598,31.89973
654,0.8182326271169463,10,4096,8,32768,4,1,1,3.7,0.000282,658.32,15.680135676,55.603318
655,0.5909165320684967,13,64,512,65536,4,2,8,2.4,0.000378,669.1,19.814409594,52.419073
656,0.1034048774772336,15,4096,2048,16384,2,16,4,3.3,0.000446,996.0,39.562964754,88.706199
657,1.5848282026575182,16,1024,32,4096,2,1,2,3.2,0.000473,365.24,19.002113273000003,40.173601000000005
658,4.518798760535897,14,64,128,512,16,1,4,2.2,0.000413,231.48,10.850445858,26.272266
659,18.52914368126208,10,256,16,512,2,8,1,2.2,0.000282,138.34,5.264849760000001,18.66968
660,6.5660839994858105,11,64,1024,256,2,4,4,4.0,0.000319,218.5,8.055808442,25.253318
661,0.1674261346800498,13,2048,2048,65536,16,8,1,3.7,0.000379,929.36,30.716749327999995,81.046832
662,0.5549864330014539,13,32,4096,4096,4,8,4,2.7,0.00038,688.6,21.91817998,57.679421
663,0.5688202998884001,7,2048,64,65536,8,8,2,3.5,0.000439,632.82,20.731362779000005,47.224061000000006
664,6.180530833432221,9,32,2048,2048,2,4,2,3.0,0.00025,254.4,6.802056749999999,27.208227
665,2.662216090992947,8,4096,16,1024,2,16,8,3.7,0.000317,344.23,10.776052668999998,33.993857
666,7.604851895509336,7,8,512,4096,16,8,4,2.1,0.000455,170.0,7.576141755,16.650861
667,11.08838518476917,12,256,256,64,2,4,2,3.8,0.000345,161.68,7.889630775,22.868495
668,4.158521366378603,13,128,512,4096,4,8,16,3.2,0.000379,251.89,11.12763329,29.36051
669,1.073998533723871,11,4096,16,256,16,2,1,2.4,0.000319,540.26,15.352317772,48.126388
670,22.271714922049,3,256,256,256,1,8,1,3.5,0.000449,48.234,2.784552075,6.201675
671,8.130081300813009,1,2048,128,8192,16,1,16,2.3,0.00123,92.11,9.58641951,7.793837
672,8.116883116883116,1,4,2048,1024,16,2,2,3.0,0.001232,36.601,4.452351904,3.613922
673,0.6341054675647915,11,2048,4096,1024,8,16,4,2.9,0.000319,688.4,19.549019567,61.282193
674,0.3027367888150225,1,4096,8,65536,1,1,8,3.9,0.001232,517.8,38.20104534400001,31.007342
675,0.1917477324143638,16,512,4096,8192,16,2,2,3.8,0.000473,840.25,35.465671021,74.980277
676,1.0549559057115976,5,128,16,65536,8,4,8,2.2,0.000326,539.23,11.518770226,35.333651
677,8.116883116883116,1,128,4,256,1,2,1,3.4,0.001232,14.343,2.3583994896,1.9142853
678,8.116883116883116,1,512,32,128,4,1,2,4.0,0.001232,17.181,2.725662016,2.212388
679,3.6459431842342473,2,128,4096,4096,2,16,8,3.7,0.00126,147.54,14.30650872,11.354372
680,3.3630997850824182,5,128,64,32768,8,2,2,2.6,0.000326,302.01,7.088007404,21.742354
681,1.9126807394217564,8,4096,32,4096,8,1,1,3.6,0.000319,404.84,11.508646259,36.077261
682,1.6443436664853337,12,32,512,32768,1,1,4,2.5,0.000345,419.85,12.867099989999998,37.295942
683,1.469280980732013,14,128,2048,4096,2,4,16,3.5,0.000413,405.95,18.027203439,43.649403
684,1.947544851887828,11,16,16,32768,1,16,4,2.5,0.000319,401.2,10.568235535,33.129265
685,11.394741879964734,10,4,256,8192,2,1,8,2.3,0.000282,176.41,6.006393858000001,21.299269
686,0.5972284509240876,3,128,4096,65536,16,2,8,3.7,0.000449,610.67,17.595369794,39.187906
687,7.936507936507937,2,512,4,8192,2,2,2,3.4,0.00126,92.403,9.93929076,7.888326
688,4.629529602212672,12,256,512,512,8,16,2,3.8,0.000345,250.22,9.33888711,27.069238
689,3.9677968400175336,11,2048,4,1024,2,1,2,2.9,0.000319,281.08,10.359563918,32.475122
690,0.7477607619781468,12,256,64,65536,8,2,4,2.0,0.000345,622.6,16.770012885,48.608733
691,7.5463364537239634,9,64,32,16384,4,8,1,3.2,0.00025,230.23,5.643824,22.575296
692,0.1494426577165059,9,1024,64,65536,1,16,16,3.5,0.00025,1365.2,17.975777500000003,71.90311
693,9.249148235996111,11,512,16,64,8,8,4,2.9,0.000319,184.1,7.146639939999999,22.40326
694,1.2398437449665087,11,4096,16,2048,2,2,2,2.7,0.000319,502.83,15.116685232,47.387728
695,21.28774972158271,8,512,128,512,4,2,1,2.3,0.000319,121.35,5.2810769,16.5551
696,1.365818990022185,1,8,1024,32768,4,8,16,3.8,0.001232,243.78,19.966632224,16.206682
697,2.28964956267762,12,256,4,32768,2,1,1,3.5,0.000345,355.8,11.949509355,34.636259
698,0.5012799557069031,14,8,4096,1024,1,8,8,2.7,0.000413,695.0,24.765900593,59.965861
699,1.3081026850226638,1,16,128,32768,8,4,2,3.2,0.001232,249.1,18.022315696,14.628503
700,7.591722945185871,3,4096,1024,512,16,4,8,3.8,0.000449,171.28,6.982737995,15.551755
701,5.342960434118672,16,256,16,1024,1,2,2,4.0,0.000473,198.92,13.549395761,28.645657
702,0.930486702790631,12,4096,64,2048,2,4,1,2.8,0.000345,558.13,18.0449628,52.30424
703,22.271714922049,3,4,256,512,2,1,16,3.4,0.000449,43.536,2.621628833,5.838817
704,8.130081300813009,1,8,32,512,16,1,16,2.9,0.00123,23.4,2.97341307,2.417409
705,1.3322518861992791,8,4096,2048,256,1,8,1,2.4,0.000318,485.84,14.129055456,44.430992
706,1.085084601420913,15,256,2048,2048,8,8,16,2.7,0.000446,454.57,21.370818764,47.916634
707,1.8084187749521892,7,256,4096,512,8,1,16,3.2,0.000439,354.91,13.619140461,31.023099
708,3.4088534592982547,13,256,64,256,16,16,1,2.1,0.000378,278.58,10.334996280000002,27.34126
709,8.729241406740751,8,128,32,8192,4,16,2,2.1,0.000317,190.1,5.838279345000001,18.417285000000003
710,6.154154155286961,13,64,512,1024,4,2,2,3.9,0.000379,207.06,10.002952306,26.393014
711,4.150112078922414,5,256,2048,16384,1,8,2,3.9,0.000326,271.87,7.357078024,22.567724
712,4.699339278207737,3,256,2048,16384,4,2,16,3.3,0.000449,217.7,7.741950748000001,17.242652
713,8.116883116883116,1,8,4096,256,8,2,4,3.8,0.001232,52.075,5.584173056,4.532608
714,3.117716016313793,6,2048,64,16384,2,1,4,3.0,0.000409,280.04,10.116108658,24.733762
715,28.374044450947547,8,8,128,64,8,1,4,3.3,0.000319,105.11,4.461106221,13.984659
716,6.353736939624163,9,512,1024,4096,8,4,1,3.7,0.000295,230.98,7.440712430000001,25.222754
717,3.456071988603287,10,2048,256,1024,16,8,2,2.9,0.000282,320.32,9.204477462000002,32.639991
718,1.274726735905702,1,2048,16,32768,16,1,16,3.0,0.001232,252.34,21.160453776,17.175693
719,2.537248328226001,15,32,1024,512,2,4,8,3.0,0.000446,297.27,15.31248678,34.33293
720,22.779043280182236,7,16,16,1024,2,8,4,2.6,0.000439,97.1,5.407817549,12.318491
721,1.903156649262827,8,4096,16,256,1,16,16,2.6,0.000451,341.33,15.396796338,34.139238
722,5.459629720746248,11,1024,512,128,4,8,2,3.7,0.000319,239.62,9.118343212,28.584148
723,17.730401501627657,6,16,64,2048,8,16,8,3.2,0.000409,117.43,4.964429321,12.137969
724,3.038648706562852,6,4096,64,2048,2,1,8,2.4,0.000409,283.66,10.897438945,26.644105
725,1.9355499625327344,14,16,32,16384,16,4,8,3.9,0.000413,353.69,13.18959691,31.93607
726,2.633264996455214,15,16,1024,512,4,2,1,2.3,0.000446,291.8,15.270081546,34.237851
727,6.737832936352247,15,128,128,512,1,2,16,4.0,0.000446,182.42,11.925300086,26.738341
728,7.228010511469248,6,512,1024,4096,1,8,16,2.4,0.000409,183.92,7.656718038,18.720582
729,22.271714922049,3,8,16,512,2,1,1,2.0,0.000449,35.636,2.342274054,5.216646
730,30.674846625766868,5,32,128,64,8,2,2,2.3,0.000326,67.199,2.928631432,8.983532
731,0.292171507551859,16,4096,32,128,8,1,4,2.0,0.000471,743.28,32.41084293,68.81283
732,1.7284436345892629,8,32,4096,128,4,16,2,3.7,0.000319,425.87,11.181153522,35.050638
733,24.449877750611247,6,8,512,1024,4,1,8,3.9,0.000409,96.771,5.033842756,12.307684
734,7.135841822548642,14,32,64,256,8,4,2,4.0,0.000416,183.54,10.03066064,24.112165
735,2.347966871179154,15,1024,8,4096,2,2,1,3.6,0.000446,309.02,15.898816219999995,35.647569999999995
736,1.3312201763355278,4,8,2048,4096,16,2,4,2.6,0.004024,136.63,53.99197573599999,13.417489
737,22.321428571428573,3,64,8,256,1,1,2,3.5,0.000448,34.856,2.2986795776000006,5.130981200000001
738,7.961783439490446,2,32,512,128,1,1,8,2.8,0.001256,33.204,5.269983831999999,4.195847
739,7.658054180578252,12,4,16,2048,16,1,1,3.7,0.000345,194.55,7.5321504,21.83232
740,9.808125661300464,2,2048,128,8192,8,8,4,2.1,0.000642,126.02,6.651622043999999,10.360782
741,5.59705528377564,11,512,256,1024,16,4,4,4.0,0.000319,236.66,8.004419137000001,25.092223
742,7.023210374839437,8,64,4,16384,1,4,2,3.0,0.000316,212.27,6.406955616,20.275176
743,0.148622043985071,15,2048,4096,256,16,8,4,2.2,0.000446,895.5,36.7038376,82.2956
744,0.2658247590669479,16,4096,256,128,8,1,8,4.0,0.000473,762.4,33.197181941,70.184317
745,10.367846959298664,9,512,16,64,16,16,1,2.3,0.00025,196.42,5.00857525,20.034301
746,3.703006922153412,14,128,128,8192,8,4,2,3.0,0.000413,255.71,11.872296240000002,28.74648
747,19.25422525227892,5,64,8,8192,8,2,2,2.4,0.000326,126.22,3.921150168,12.028068
748,12.719121929129289,12,64,256,512,1,1,1,2.7,0.000345,150.96,7.530155609999999,21.826538
749,3.5283980095323284,10,16,512,16384,1,16,2,2.7,0.000282,317.02,7.984254438000001,28.312959
750,1.7732666644550903,14,64,256,16384,16,2,16,2.9,0.000413,369.52,14.399724493,34.866161
751,2.6813227562526345,6,4096,512,512,16,16,8,2.6,0.000409,301.97,11.555469229000002,28.252981
752,12.61641090284579,6,1024,512,512,2,2,8,2.5,0.000409,139.21,6.553468758999999,16.023151
753,2.676223644175299,11,2048,16,4096,16,16,16,3.6,0.000319,342.25,11.354369246,35.593634
754,5.236581571024624,11,32,1024,256,1,4,8,2.6,0.000319,244.67,8.510637684999999,26.679115
755,3.70774727193162,11,8,16,16384,16,1,2,3.7,0.000319,290.77,8.349050149,26.172571
756,16.567546486231098,12,4,16,256,4,4,1,3.5,0.000345,132.27,6.769579994999999,19.621971
757,3.6814542286961616,10,2048,64,8192,4,8,8,3.6,0.000282,310.36,9.353270532000002,33.167626000000006
758,2.7054682588119525,8,4096,4,512,1,16,8,2.3,0.000318,340.93,10.8168336,34.0152
759,17.576385301466626,10,256,128,128,1,8,1,3.6,0.000282,142.04,5.338836126000001,18.932043
760,7.936507936507937,2,512,64,1024,8,8,1,2.4,0.00126,42.806,6.14355588,4.875838
761,14.757007133709507,9,16,128,512,16,8,2,2.5,0.000251,164.31,4.349797872,17.329872
762,8.130081300813009,1,64,512,64,8,1,1,2.4,0.00123,16.99,2.6820519,2.18053
763,30.674846625766868,5,32,16,2048,2,4,16,2.1,0.000326,70.305,3.122248048,9.577448
764,6.309298521824165,14,64,128,4096,4,4,1,3.1,0.000413,195.9,10.728103281,25.976037
765,0.6745857168894793,14,2048,2048,4096,2,1,16,4.0,0.000413,594.44,24.974665485000003,60.471345
766,2.4894199651481204,4,8,16,128,16,8,8,2.2,0.004017,69.328,29.660077863,7.383639
767,0.244347298779902,11,4096,4096,512,2,8,1,3.6,0.000319,905.35,23.945632601,75.064679
768,1.1785183473972778,9,4096,2048,8192,8,16,4,2.0,0.000243,590.92,13.01273262,53.550340000000006
769,7.936507936507937,2,2048,4,1024,4,4,8,2.9,0.00126,58.578,8.473095540000001,6.724679
770,6.1895976268309,6,16,2048,2048,4,16,4,2.6,0.000409,198.75,7.944052808,19.423112
771,0.7078585933320312,8,4096,4096,512,4,8,4,2.2,0.000318,666.52,17.567927807999997,55.245056
772,13.786427911558135,13,32,4,128,2,2,2,2.7,0.00038,138.16,8.0885831,21.285745
773,2.481858843347285,6,8,4096,4096,16,8,2,2.3,0.000409,313.87,11.177638301000002,27.329189
774,2.9749652720177844,6,4096,32,4096,2,16,1,4.0,0.000409,286.68,11.08946649,27.11361
775,8.197257156769059,9,1024,8,4096,2,1,4,3.1,0.00025,220.9,5.84835425,23.393417
776,3.1807796364833667,6,4096,256,128,4,2,4,2.3,0.000409,277.25,10.856679232,26.544448000000003
777,0.5781461911920797,15,1024,32,32768,16,16,8,4.0,0.000446,622.75,22.47862077,50.400495
778,1.7707649316352994,9,256,4096,4096,8,4,16,3.1,0.00025,475.28,10.372175250000002,41.488701
779,1.9370940260132588,7,64,4096,512,2,4,2,2.3,0.000445,340.6,13.279184925,29.840865
780,8.130081300813009,1,256,2048,512,16,2,4,2.2,0.00123,32.231,4.41587958,3.590146
781,8.116883116883116,1,256,64,128,1,16,4,3.0,0.001232,19.018,3.063212768,2.486374
782,2.785372153757298,9,4096,4,128,1,16,1,3.3,0.000251,378.2,9.475083587,37.749337
783,2.128245284551074,9,64,1024,32768,1,4,2,4.0,0.00025,433.53,8.61167925,34.446717
784,22.271714922049,3,1024,1024,2048,8,2,1,2.1,0.000449,93.719,4.504264281,10.031769
785,1.7564111843515586,6,2048,8,32768,8,4,1,2.9,0.000409,373.1,12.870567011,31.468379
786,22.271714922049,3,128,16,256,16,16,8,2.7,0.000449,64.399,2.961152306,6.594994000000001
787,1.2071831129035129,9,256,4096,16384,2,2,16,3.7,0.00025,575.63,11.7349735,46.939894
788,3.795209804898421,11,256,32,16384,8,1,8,4.0,0.000319,287.4,8.727221778,27.358062
789,0.7678037288777185,12,128,128,65536,2,4,8,3.5,0.000345,614.42,16.365636660000003,47.436628000000006
790,7.203706130174865,6,16,2048,64,2,16,2,3.1,0.000409,184.23,7.552753919,18.466391
791,13.06626566047876,5,256,2048,2048,1,2,1,3.6,0.000326,153.22,5.291389456,16.231256000000002
792,2.0869576942565686,6,4096,1024,2048,16,2,16,3.9,0.000409,342.28,12.577671068000004,30.752252
793,0.8744163390485961,11,4096,1024,2048,4,1,8,3.8,0.000319,598.75,17.254822926000003,54.090354000000005
794,1.4716484917649684,9,32,4096,4096,1,8,2,3.9,0.000295,479.94,11.846229745,40.156711
795,9.56915052512954,14,4,8,2048,1,1,16,2.4,0.000413,159.07,9.860916856,23.876312
796,0.7795218369084099,13,4096,64,256,2,2,2,4.0,0.000379,581.79,20.868304331,55.061489
797,0.7621838613521599,13,8,4096,256,16,1,4,3.7,0.000379,588.37,20.479116811,54.034609
798,1.0943093044863246,15,2048,512,4096,4,16,16,3.8,0.000446,452.65,22.670589428,50.830918
799,0.4362358094939505,10,4096,4096,128,16,8,1,3.0,0.000282,795.82,19.169037138,67.975309
800,2.4807740014884647,4,64,16,128,16,8,1,3.6,0.004031,70.268,29.829847441,7.400111
801,3.773014387371784,12,32,1024,2048,1,2,16,3.1,0.000345,277.17,10.332951825,29.950585
802,38.933799459162806,9,4,16,512,4,4,2,3.2,0.00025,101.36,3.719846500000001,14.879386
803,1.521494344801904,10,4096,128,4096,1,1,1,2.0,0.000282,482.77,12.71968332,45.10526
804,2.6728713306568976,15,64,16,4096,16,8,1,2.8,0.000446,289.63,13.149871136,29.484016
805,0.7138259472021198,7,4096,32,32768,2,1,8,3.5,0.000439,564.9,18.848411881,42.934879
806,0.1965663050896987,2,4096,4096,65536,1,1,8,3.3,0.001256,636.43,50.818138056,40.460301
807,0.0771001560154008,14,4096,4096,64,4,16,4,2.8,0.000413,1119.6,39.22254392,94.96984
808,6.516375036363199,2,4096,1024,64,16,1,1,4.0,0.00126,110.36,12.87919206,10.221581
809,4.959387988351976,10,32,8,16384,4,16,1,3.5,0.000282,267.4,6.99957981,24.821205
810,6.464723195033771,2,64,4096,2048,16,8,4,2.4,0.00126,110.8,12.4105023,9.849605
811,2.928147828674848,14,1024,256,1024,1,4,1,2.1,0.000413,287.56,14.194645212999998,34.369601
812,3.4142179163122397,12,2048,64,64,2,16,1,2.4,0.000345,291.37,12.294044295,35.634911
813,1.9836713600050688,15,128,1024,256,1,2,1,2.3,0.000446,336.2,16.517686712,37.035172
814,1.0498429873481732,8,2048,4096,8192,2,16,8,2.5,0.000319,546.44,15.198615278,47.644562
815,13.301346557338835,5,256,16,8192,8,16,16,2.7,0.000326,151.86,4.673070798,14.334573
816,1.046827383113698,10,64,32,65536,8,2,4,3.1,0.000282,582.02,12.245702514,43.424477
817,2.483238142537869,4,512,1024,512,8,1,1,3.1,0.004027,92.31,42.75049910900001,10.615967
818,8.831416955916149,5,2048,4,8192,1,4,1,2.7,0.000326,186.37,6.037427416,18.519716
819,30.674846625766868,5,4,256,128,8,2,1,2.0,0.000326,70.196,3.0365110260000003,9.314451
820,2.483854942871336,4,16,8,2048,1,8,8,3.0,0.004026,65.062,30.783878994,7.646268999999999
821,1.4297901299115925,11,8,1024,32768,4,8,4,3.2,0.000319,468.24,12.413519107,38.913853
822,8.130081300813009,1,4,2048,4096,4,4,16,2.7,0.00123,56.08,6.47764863,5.266381
823,2.248681462352945,4,256,1024,1024,8,16,4,3.4,0.004029,105.06,42.639213204,10.583076
824,0.4191842492355935,15,4,4096,2048,16,1,16,2.6,0.000446,691.05,28.320879134,63.499729
825,7.936507936507937,2,16,2048,1024,1,8,1,3.1,0.00126,65.018,8.38681704,6.656204000000001
826,0.7179619436074918,14,2048,2048,2048,1,2,1,3.0,0.000413,580.73,24.559514994,59.466138
827,8.357600706158857,12,512,128,1024,4,2,4,2.9,0.000345,186.23,8.568268545,24.835561
828,24.79483142213823,10,8,32,2048,1,1,4,3.0,0.000282,119.59,4.856869362,17.222941
829,24.449877750611247,6,16,4,256,2,16,4,2.0,0.000409,91.054,4.5284136440000005,11.071916
830,1.0542133090731958,7,16,4096,16384,4,1,2,3.1,0.000439,464.84,16.099450073000003,36.673007000000005
831,20.52872022012969,10,16,8,1024,8,2,4,2.7,0.000282,131.43,4.884609984,17.321312
832,8.116883116883116,1,256,4,128,1,2,8,3.5,0.001232,15.129,2.4585736560000004,1.9955955
833,4.258132875014017,11,2048,8,128,1,8,1,2.6,0.000314,273.48,10.166937861999996,32.378783
834,22.271714922049,3,64,128,512,8,4,8,2.7,0.000449,46.592,2.602066352,5.795248
835,9.301403269475491,3,4096,1024,256,8,16,16,2.3,0.000449,154.74,7.029611350000001,15.65615
836,0.8511271822735454,3,16,16,65536,8,4,8,3.1,0.000449,511.54,14.169098837,31.557013
837,0.094824421417087,16,256,4096,32768,16,16,8,3.0,0.000471,1064.0,39.742938552,84.379912
838,8.116883116883116,1,256,64,128,1,1,2,3.7,0.001232,14.55,2.4212897632000003,1.9653326
839,2.2479323031728327,8,4096,8,128,8,8,8,2.1,0.000318,374.02,11.057723052,34.772714
840,6.889792303335508,9,64,2048,64,4,2,8,2.2,0.00025,240.95,6.6717960000000005,26.687184
841,0.6976359159811036,13,64,64,65536,1,2,8,2.3,0.000378,615.8,18.292549086000005,48.392987000000005
842,4.961497085019216,7,32,16,16384,8,1,2,4.0,0.000439,214.27,8.316939727,18.945193
843,10.90049207407255,3,4096,32,256,8,2,4,3.9,0.000449,142.94,5.996038045,13.354205
844,1.9432517562027645,10,64,32,32768,8,16,8,3.7,0.000282,427.18,9.049532562,32.090541
845,14.30499895698676,8,16,256,2048,16,1,16,3.3,0.000317,148.5,5.1820785670000005,16.347251
846,0.3041540959860917,2,2048,1024,65536,4,2,2,2.8,0.00126,510.82,42.38762598,33.640973
847,2.2664038916222866,12,2048,16,4096,8,8,4,2.2,0.000345,357.62,13.080949619999998,37.915796
848,4.073646500081886,8,1024,2048,512,2,4,1,2.5,0.000318,277.84,9.125495904,28.696528
849,5.360779101368494,15,256,16,128,2,8,4,2.7,0.000452,203.15,12.409199864,27.453982
850,22.271714922049,3,256,64,512,8,4,16,2.2,0.000449,50.136,2.8214158730000003,6.283777000000001
851,21.431514473485183,6,1024,8,256,2,8,4,3.4,0.000409,106.81,5.609360153000001,13.714817
852,2.485707183693761,4,1024,32,64,8,8,4,2.4,0.004023,79.534,37.684350198,9.367226
853,0.587478121047927,7,512,2048,65536,4,2,1,2.7,0.000439,622.69,21.630010705,49.271095
854,7.41971574714681,12,256,512,64,8,2,2,2.5,0.000345,197.65,8.75713224,25.382992
855,15.499805017296572,12,32,32,1024,1,4,8,3.1,0.000345,136.75,7.008630149999999,20.31487
856,1.375915966204377,16,16,512,16384,4,8,2,2.6,0.000471,392.82,18.629575098,39.553238
857,0.142096532910373,15,4096,256,32768,1,4,8,2.4,0.000446,950.46,35.36658242,79.29727
858,0.9779297856843464,16,16,32,32768,8,8,2,3.7,0.000473,464.96,19.223241719,40.641103
859,4.979368372923356,12,16,4,8192,4,16,2,2.3,0.000345,241.27,8.560392539999999,24.812732
860,1.153101926247293,1,4,8,32768,4,2,8,2.3,0.00123,265.53,18.691454289,15.1963043
861,22.271714922049,3,512,256,256,16,4,16,3.9,0.000449,67.962,3.260878664,7.262536
862,18.527968257881223,5,2048,32,512,4,16,16,3.3,0.000326,128.67,5.0542055480000005,15.503698
863,0.3605940765887218,1,8,1024,65536,16,1,4,2.2,0.00123,474.83,35.34550509,28.736183
864,6.67587398756449,9,2048,256,2048,2,16,4,3.1,0.00025,244.78,7.1356375,28.54255
865,24.213075060532685,6,128,64,256,1,4,4,2.5,0.000413,72.118,4.374214747000001,10.591319
866,2.263730685809324,8,4096,8,2048,1,8,8,3.1,0.000317,373.3,11.05866863,34.88539
867,1.192326941527149,16,256,16,16384,8,16,8,2.8,0.000471,421.98,18.229452591,38.703721
868,4.2160151059146695,9,2048,1024,512,4,2,8,3.0,0.00025,308.02,8.086877,32.347508
