,reward,reward1,reward2,reward3,core,l1i_size,l1d_size,l2_size,l1i_assoc,l1d_assoc,l2_assoc,clock_rate,latency,Area,energy,power
0,1.3273680275188682,3.3416490092787505,1.1038609200364962,0.3646430033197348,3,4096,1024,32768,1,8,4,3.2,0.000449,409.62,12.991733731,28.934819
1,7.936507936507937,19.98015873015873,31.305628085420178,49.05077897821399,2,128,32,64,4,2,8,3.2,0.00126,25.206,4.547530260000001,3.609151
2,0.0,0.0,0.0,0.0,1,8,8,65536,16,1,4,3.4,0.0,0.0,0.0,0.0
3,4.883768025906835,12.29488600522046,3.666537022746563,1.0934215846704933,12,512,4,8192,2,1,4,3.3,0.000345,243.62,9.411449925,27.279564999999998
4,15.005387177834383,37.776062220198064,11.230601547142893,3.3387919147181835,9,256,512,2048,8,1,2,2.9,0.00025,163.27,4.97266075,19.890643
5,1.9273180415300741,4.852023169551962,1.2689787304135074,0.3318836209083011,8,1024,256,32768,2,8,8,3.7,0.000317,404.57,10.330873719000001,32.589507000000005
6,0.0,0.0,0.0,0.0,4,32,4,32768,8,2,2,3.6,0.0,0.0,0.0,0.0
7,1.9031339411655246,4.791139696884209,1.3781472963189636,0.39641715552281276,15,256,1024,2048,16,2,8,2.8,0.000446,343.24,16.905872624,37.905544
8,2.750286471114964,6.923846191031922,2.309756028030092,0.7705215803221404,6,16,4096,1024,2,4,4,2.5,0.000409,298.16,10.570382504,25.844455999999997
9,15.034013312534599,37.848128514305856,12.601264969031691,4.195501470032395,11,256,4,2048,1,4,4,3.4,0.000319,144.4,6.455403305999999,20.236373999999998
10,0.16002523314777076,0.40286352444951296,0.06930977669604384,0.011924249414785334,12,4096,4096,1024,2,2,8,2.8,0.000345,985.19,28.277861864999995,81.964817
11,1.1387117889539298,2.8667069286915186,0.776621478795019,0.2103950408356044,16,512,1024,8192,4,2,4,2.7,0.000471,431.8,21.255488646000003,45.128426000000005
12,0.7308236165889248,1.8398484547626184,0.39890409489100376,0.0864878172486992,13,4096,128,2048,2,2,16,2.9,0.00038,600.07,21.6010962,56.844989999999996
13,0.0,0.0,0.0,0.0,14,4,512,2048,16,8,2,2.0,0.0,0.0,0.0,0.0
14,0.48013151709276475,1.2087310942810354,0.20079281958807413,0.033355439095500615,9,8,4096,65536,16,2,4,2.9,0.00025,859.64,15.926653499999999,63.706613999999995
15,16.168642488425085,40.70455746461016,14.59636409808739,5.234152098795579,8,128,512,2048,1,1,1,2.1,0.000318,139.46,5.5300928219999985,17.390228999999998
16,6.334494988820615,15.947091134355901,5.16766848769767,1.6745873823478417,14,512,16,256,1,2,2,2.3,0.000413,195.51,11.422344304000001,27.657008
17,2.483854942871336,6.25310481867859,12.632987964369553,25.522102944954494,4,32,16,256,1,1,16,3.0,0.004026,47.86,27.925970556,6.936406
18,0.44483339111615394,1.1198680621349177,0.26572193963608304,0.06305041780489275,15,128,8,32768,1,1,16,2.5,0.000446,709.96,24.844490210000004,55.705135000000006
19,7.203959647556528,18.13596841272356,6.142223622877976,2.080225890059026,8,512,16,4096,16,16,4,2.4,0.000318,208.93,6.199632918,19.495701
20,22.271714922049,56.069042316258354,31.358451124722947,17.538242429664166,3,1024,1024,1024,4,16,2,2.3,0.000449,96.18,4.532222613,10.094037
21,0.8564347563934538,2.15607449922052,0.4391701364351997,0.08945442692552594,10,512,128,65536,16,8,2,3.5,0.000282,643.47,13.478501892,47.796105999999995
22,0.0,0.0,0.0,0.0,15,8,8,64,4,16,8,3.3,0.0,0.0,0.0,0.0
23,0.0,0.0,0.0,0.0,12,1024,1024,64,4,8,16,2.2,0.0,0.0,0.0,0.0
24,3.8335288868861217,9.65090897273581,2.6897079153556502,0.7496214802527577,11,256,512,8192,1,16,16,3.3,0.000319,285.96,9.212744882,28.880078
25,6.0743379082670295,15.292145684062248,4.942847710918939,1.597666148237118,5,4096,16,128,2,2,8,2.0,0.000326,224.72,7.153178716,21.942266
26,20.27262160288878,51.036324885272506,19.845671053898574,7.717065452203059,8,16,8,1024,1,16,1,2.7,0.000316,124.94,4.643899975999999,14.695886
27,0.558959914631564,1.4071815850849627,0.3535091870561695,0.08880783166699022,16,4,32,65536,4,4,2,2.5,0.000471,616.31,24.718503429000002,52.480899
28,9.229604889133622,23.235530308393894,9.83576247769215,4.1635470434099995,7,128,1024,64,1,1,1,3.0,0.000439,157.1,7.56309639,17.22801
29,24.449877750611247,61.55256723716382,32.40766593042535,17.06276209424998,6,16,64,64,8,1,4,2.8,0.000409,77.796,4.243507107,10.375323
30,0.16794197583091874,0.42279392415433803,0.08605067965596083,0.017513779281628818,15,64,4096,32768,16,2,2,2.1,0.000446,915.67,33.76758991,75.712085
31,8.130081300813009,20.46747967479675,36.81272755480544,66.21122539542911,1,512,32,128,2,16,1,2.6,0.00123,19.254,3.2887014299999993,2.6737409999999997
32,1.0098492458860817,2.5422954765182113,0.5562927038550246,0.12172525783122415,12,4096,32,128,4,1,1,3.5,0.000345,535.75,17.48094852,50.669416
33,2.9702568577141815,7.477621639295452,3.868471527246802,2.0013144123897164,2,4096,256,16384,16,4,2,2.2,0.000642,229.0,10.829282963999999,16.868042
34,0.0,0.0,0.0,0.0,10,8,1024,32768,8,16,2,3.0,0.0,0.0,0.0,0.0
35,18.00216355992783,45.32044676211831,15.413490251069405,5.2421301794931185,11,128,128,64,4,2,8,3.7,0.000319,131.96,6.1865599950000005,19.393605
36,0.0,0.0,0.0,0.0,8,128,4,16384,8,2,4,3.2,0.0,0.0,0.0,0.0
37,7.957865165038202,20.033925552983675,6.6659470165561805,2.2179801711859968,12,32,4,1024,2,16,2,2.8,0.000345,190.85,7.560109199999999,21.91336
38,0.24889315661604128,0.626588521780884,0.1363536536178933,0.029672294031345352,16,4096,32,256,16,1,8,2.3,0.000471,792.32,32.942352299999996,69.9413
39,2.2378690929604126,5.63383544152784,1.4192690314701082,0.35754054313376143,8,4096,4,2048,1,4,16,2.7,0.000318,374.86,11.205070260000001,35.236070000000005
40,7.936507936507937,19.98015873015873,30.677603205054123,47.10249558659388,2,256,64,64,4,1,4,3.4,0.00126,26.808,4.7356281,3.758435
41,2.185638996695532,5.502346174181003,1.252597338184774,0.2851511049940653,9,32,1024,32768,4,2,8,3.0,0.00025,427.8,8.480751750000001,33.923007000000005
42,9.801989975990052,24.676509764554957,6.879864410587603,1.9181211103061984,9,1024,8,1024,8,16,16,2.3,0.00025,202.01,5.6541745,22.616698
43,9.947889163926607,25.04381097018524,15.616188776049077,9.73754961573236,4,2048,32,1024,8,2,16,2.9,0.000701,119.75,8.887267484999999,12.677985
44,4.634630745474919,11.667682901733109,2.988875369419533,0.7656512479093678,10,128,2048,1024,4,2,8,3.8,0.000282,276.61,8.521838934000002,30.219287
45,0.0,0.0,0.0,0.0,9,2048,2048,128,8,1,16,3.4,0.0,0.0,0.0,0.0
46,0.0,0.0,0.0,0.0,5,8,4,65536,16,16,8,2.6,0.0,0.0,0.0,0.0
47,3.0210378106499625,7.60546268831128,2.4914230671885433,0.8161487544023985,16,256,64,128,4,16,4,3.2,0.000473,264.54,14.660881433000002,30.995521
48,26.87793771152188,67.66520818875634,29.07545184415438,12.493597855835963,5,64,1024,2048,8,1,1,3.5,0.000326,106.83,4.04757199,12.415865
49,0.3460068910378751,0.8710723481878508,0.17983402900587464,0.03712697120482056,14,4096,1024,512,8,8,8,3.9,0.000413,736.61,28.141438388,68.139076
50,7.936507936507937,19.98015873015873,28.6123577022192,40.97399947298809,2,512,8,256,4,16,8,2.7,0.00126,38.807,5.44393773,4.3205855
51,0.0,0.0,0.0,0.0,2,4,128,32768,8,8,4,2.3,0.0,0.0,0.0,0.0
52,1.2616046135328631,3.1760896145689834,0.8477025204312475,0.2262529243032736,14,32,1024,16384,1,2,8,3.2,0.000413,438.09,16.837597826,40.769002
53,6.716922952877011,16.909853533867874,16.07968718169273,15.290276721986052,2,4096,32,1024,16,4,8,2.9,0.00126,108.7,12.346591320000002,9.798882
54,0.44284903736076037,1.1148724515557145,0.2399919011712777,0.05166161613145395,14,4096,256,256,16,1,4,3.5,0.000413,707.88,25.884440469999998,62.674189999999996
55,3.0142197701544395,7.588298271363802,2.40010501865666,0.7591298990340799,5,128,4,32768,4,16,4,3.1,0.000325,319.5,7.4246588,22.845104
56,3.2404160240516644,8.157747340550065,7.25930328000986,6.45980831610416,2,512,8,16384,4,8,2,3.5,0.00126,156.5,14.098509179999999,11.189293
57,3.3211589362448954,8.361017621996528,2.2637202202526923,0.612895399490527,8,1024,2048,2048,8,1,4,2.5,0.000318,307.71,9.700821186,30.505727
58,0.0,0.0,0.0,0.0,7,128,16,64,2,2,16,2.8,0.0,0.0,0.0,0.0
59,0.0,0.0,0.0,0.0,4,128,16,128,8,16,16,3.4,0.0,0.0,0.0,0.0
60,30.674846625766868,77.22392638036811,39.371798035661726,20.07329273735314,5,8,128,64,8,1,4,3.5,0.000326,66.608,2.875080064,8.819264
61,15.595476941194667,39.26161319945757,18.33505784260561,8.562418064277043,6,256,16,4096,8,1,8,3.1,0.000409,125.21,5.393861734000001,13.187926
62,7.936507936507937,19.98015873015873,30.73435794166281,47.27693963013614,2,128,32,64,8,2,1,2.3,0.00126,28.02,4.71815442,3.744567
63,11.311595205778351,28.476940930547,12.126407496915498,5.163818653832625,6,256,1024,2048,16,1,1,2.9,0.000409,147.02,6.487097875,15.860875
64,16.39913095724537,41.28481218486522,13.342559391630687,4.312091582784403,10,16,256,1024,1,8,1,2.2,0.000282,147.05,5.354045232000001,18.985976
65,30.86329925453939,77.69835587330292,27.019659330358174,9.396106032398816,10,4,32,64,2,2,8,3.2,0.000282,107.19,4.624274634000002,16.398137000000002
66,4.249846128371138,10.698987628174342,10.638829584052333,10.579009795324044,1,64,64,16384,2,1,2,3.5,0.001232,138.2,10.794451113600001,8.761729800000001
67,4.67592614759946,11.771644076581643,2.7632420915905365,0.64863555226985,9,2048,1024,128,8,4,2,3.9,0.00025,292.48,7.9762337500000005,31.904935000000002
68,3.215711544706079,8.095553813797554,7.341217816009902,6.657170128404127,2,128,32,16384,8,2,4,2.6,0.00126,157.1,13.576239180000002,10.774793
69,9.59940084327476,24.16649162294421,8.369351925500151,2.8984783039988224,13,4,64,256,8,1,2,3.1,0.000379,165.79,8.421771506999999,22.221033
70,7.936507936507937,19.98015873015873,23.02934907497198,26.54387915429236,2,2048,64,1024,1,2,1,3.0,0.00126,59.433,8.40344022,6.669397
71,15.57632398753894,39.21339563862929,37.44834295573644,35.762737893297015,2,512,32,128,2,16,8,2.0,0.000642,37.779,3.178009782,4.950171
72,7.781553127970365,19.590059999665396,6.1789238138959295,1.9489016112550104,12,4,512,2048,8,1,1,3.5,0.000345,193.0,8.413283504999999,24.386329
73,10.21239586081183,25.70970657959378,10.324436158160065,4.146059841403571,6,2048,32,512,4,1,4,3.4,0.000409,154.73,7.294401298000001,17.834722000000003
74,8.116883116883116,20.434253246753247,24.242194345312875,28.759748623028116,1,512,64,8192,2,16,1,3.0,0.001232,80.609,7.583620352,6.155536
75,7.936507936507937,19.98015873015873,25.315696002188723,32.07604467665521,2,16,512,2048,16,8,4,2.3,0.00126,55.568,6.954096240000001,5.519124000000001
76,33.78378378378379,85.05067567567569,35.32872990345249,14.675005773623239,7,128,32,64,1,2,8,2.8,0.000296,79.807,3.5707906719999993,12.063481999999999
77,8.130081300813009,20.46747967479675,36.8187801919422,66.23299968348533,1,512,32,128,1,16,2,2.6,0.00123,19.55,3.2876202600000006,2.6728620000000003
78,9.411333866090121,23.693033007881883,7.040768851405678,2.092278603690517,9,16,64,8192,4,16,4,3.4,0.00025,206.16,4.97694275,19.907771
79,15.57632398753894,39.21339563862929,41.922580432715044,44.81893805713012,2,128,64,64,2,8,1,2.0,0.000642,27.889,2.5358550600000003,3.94993
80,0.0,0.0,0.0,0.0,1,512,32,64,2,16,16,2.1,0.0,0.0,0.0,0.0
81,4.516558697047182,11.370436519816282,3.303088093428924,0.959540201815243,12,32,1024,2048,8,8,1,3.4,0.000345,253.33,9.918217665,28.748457000000002
82,8.130081300813009,20.46747967479675,31.775514901166225,49.33110296318217,1,1024,1024,256,2,1,1,2.3,0.00123,32.871,4.41402966,3.588642
83,7.936507936507937,19.98015873015873,22.718839030109653,25.83291023093555,2,512,2048,128,16,2,2,2.6,0.00126,59.74,8.63471826,6.852951
84,2.8192839018889204,7.097547223005358,12.683454827754838,22.665580279095252,4,16,32,2048,8,1,1,2.0,0.003547,65.99,27.704180465,7.810595
85,15.57632398753894,39.21339563862929,30.810708823890035,24.208558396186834,2,128,32,8192,8,2,1,2.0,0.000642,89.449,4.694799624000001,7.312772000000001
86,8.130081300813009,20.46747967479675,38.6523272149008,72.99396031488168,1,512,32,128,2,8,1,2.0,0.00123,16.716,2.9831091599999997,2.425292
87,0.706945411847712,1.779735074326615,0.3768851314914693,0.07981098107710533,13,4096,512,2048,2,16,4,2.9,0.00038,610.12,22.643386800000002,59.58786
88,15.336260704125296,38.60903632263543,14.739562713770642,5.627043036705042,8,128,64,64,8,16,2,3.5,0.000319,142.97,4.909887862,15.391497999999999
89,7.936507936507937,19.98015873015873,27.770768259381317,38.59907121519319,2,512,32,128,2,16,1,2.6,0.00126,36.415,5.77889298,4.586423
90,24.449877750611247,61.55256723716382,32.59832789262016,17.26412120716838,6,32,4,1024,1,1,1,3.6,0.000409,71.012,4.1940131990000005,10.254311
91,8.352710694366923,21.027949173068727,8.34894944127863,3.314871849809323,6,64,2048,1024,8,4,4,3.5,0.000409,171.09,7.462052034,18.244626
92,16.05150633033688,40.4096671866231,12.322455880362435,3.757588950738591,9,512,32,128,4,16,1,2.6,0.00025,157.86,4.7264765,18.905905999999998
93,3.725016265271882,9.377728447821964,2.578577466266579,0.7090269020406595,12,512,1024,2048,8,1,2,2.8,0.000345,278.95,11.070178184999998,32.087472999999996
94,30.674846625766868,77.22392638036811,39.135929681539636,19.83350321368513,5,4,32,64,16,1,4,3.6,0.000326,79.105,2.90984014,8.92589
95,8.130081300813009,20.46747967479675,38.04659438546855,70.72406409250492,1,512,256,128,2,1,8,2.4,0.00123,19.447,3.07885236,2.503132
96,6.275195219428168,15.797803964910415,4.8046855279467175,1.4612792432249642,12,512,128,4096,2,4,2,3.6,0.000345,214.92,9.04863723,26.227934
97,8.130081300813009,20.46747967479675,31.49818299639086,48.4737519146445,1,512,2048,128,8,1,1,2.5,0.00123,32.419,4.492100219999999,3.652114
98,0.0,0.0,0.0,0.0,1,512,32,128,1,1,16,2.6,0.0,0.0,0.0,0.0
99,0.0,0.0,0.0,0.0,8,2048,32,128,8,16,16,2.2,0.0,0.0,0.0,0.0
100,24.60108228674921,61.93322465689114,20.621876725889685,6.8664566079633795,10,256,32,64,1,1,1,2.6,0.000282,120.06,5.043949290000001,17.886345000000002
101,8.130081300813009,20.46747967479675,34.17607135953282,57.066325318506905,1,1024,32,512,2,16,1,2.9,0.00123,24.323,3.8157170700000003,3.102209
102,11.365616963041685,28.61294070445744,12.896887609275696,5.813093862819121,7,256,256,2048,16,1,1,3.4,0.000439,141.57,6.670612024,15.195016
103,30.674846625766868,77.22392638036811,39.98909748885542,20.70767433005988,5,8,32,64,8,1,4,3.4,0.000326,64.338,2.78700171,8.549085
104,22.271714922049,56.069042316258354,38.31701482096972,26.185459286232195,3,512,32,64,2,16,8,2.7,0.000449,54.101,3.0355480139999997,6.760686
105,22.271714922049,56.069042316258354,43.21166264153002,33.302651714883226,3,128,32,128,2,2,2,2.2,0.000449,35.785,2.386813507,5.315843
106,8.116883116883116,20.434253246753247,44.02932521827721,94.869210818107,1,128,32,64,2,1,4,3.1,0.001232,13.416,2.2989862896,1.8660603
107,0.0,0.0,0.0,0.0,1,4,256,1024,1,16,4,2.6,0.0,0.0,0.0,0.0
108,33.42145456854573,84.13851187631387,27.93381058199012,9.273966893752107,9,4,256,64,1,2,4,2.9,0.00025,109.4,3.987409,15.949636
109,8.116883116883116,20.434253246753247,31.673933577228876,49.095900698701044,1,8,64,4096,2,1,1,3.0,0.001232,45.083,4.4423874880000005,3.605834
110,8.130081300813009,20.46747967479675,38.917508926471825,73.99897423164558,1,512,32,128,2,8,1,2.2,0.00123,16.716,2.94259419,2.392353
111,24.449877750611247,61.55256723716382,29.69210103187996,14.323055938356827,6,128,512,64,4,1,8,3.0,0.000409,94.867,5.055202781,12.359909
112,8.116883116883116,20.434253246753247,45.57662681316617,101.65426094034846,1,8,32,64,2,1,1,3.5,0.001232,12.196,2.1455373632,1.7415076
113,8.116883116883116,20.434253246753247,27.254160289147688,36.35020297032752,1,4096,32,128,2,16,1,3.4,0.001232,44.231,6.000049440000001,4.87017
114,3.790847847731974,9.543459456665246,2.958342012513079,0.9170455957548601,14,128,512,4096,8,1,4,2.8,0.000413,252.73,12.482353821,30.223617
115,0.0,0.0,0.0,0.0,2,8,4,64,2,16,1,3.6,0.0,0.0,0.0,0.0
116,8.116883116883116,20.434253246753247,39.76124399151245,77.36796175821985,1,512,4,128,2,1,8,3.2,0.001232,17.853,2.819035296,2.2881780000000003
117,16.01215273305584,40.31059450546808,13.918507642912216,4.805804959773719,11,4,64,64,8,1,4,2.8,0.000319,139.92,6.002275289999999,18.81591
118,8.130081300813009,20.46747967479675,45.058741306980416,99.19590493935814,1,4,32,64,4,1,1,2.0,0.00123,12.354,2.195140533,1.7846671
119,8.130081300813009,20.46747967479675,45.06461759632621,99.22177969004288,1,16,16,128,2,1,2,2.4,0.00123,12.8,2.1945680910000003,1.7842017000000001
120,37.17472118959108,93.58736059479554,40.498709931593645,17.52528862550881,6,64,32,64,1,1,1,2.8,0.000269,65.913,2.7173029619999998,10.101498
121,30.674846625766868,77.22392638036811,38.88158873035766,19.576548526558742,5,128,32,256,8,1,4,2.9,0.000326,69.28,2.948033648,9.043048
122,15.57632398753894,39.21339563862929,40.27459878939645,41.36452049689296,2,512,32,128,4,2,1,2.0,0.000642,30.318,2.74762839,4.279795
123,8.183306055646481,20.60147299509002,26.21561542864469,33.35967736221526,3,128,64,64,1,1,4,2.8,0.001222,36.147,6.484855831999999,5.306756
124,7.936507936507937,19.98015873015873,19.678173811558143,19.380753165558883,2,4096,128,64,2,1,2,2.3,0.00126,91.801,11.509351559999999,9.134405999999998
125,14.26533523537803,35.9129814550642,27.825776203199624,21.559719910176593,4,512,32,128,8,8,1,2.6,0.000701,68.572,5.756067323,8.211223
126,0.0,0.0,0.0,0.0,9,1024,4,512,8,2,8,2.7,0.0,0.0,0.0,0.0
127,8.116883116883116,20.434253246753247,37.801993196205416,69.93114318151115,1,512,64,64,2,16,1,3.5,0.001232,19.166,3.1188252480000003,2.531514
128,0.0,0.0,0.0,0.0,1,4,32,4096,4,16,1,3.2,0.0,0.0,0.0,0.0
129,22.8310502283105,57.477168949771695,29.12753210760219,14.760871876288999,7,128,32,64,1,1,2,2.8,0.000438,79.007,5.253068466,11.993307
130,7.936507936507937,19.98015873015873,31.399234937501323,49.344550660262506,2,128,32,64,2,1,1,2.3,0.00126,23.993,4.52045664,3.5876639999999997
131,0.0,0.0,0.0,0.0,1,8,32,128,2,16,1,2.6,0.0,0.0,0.0,0.0
132,17.953321364452425,45.197486535008984,30.568249088852852,20.674110973723582,5,128,4,64,1,2,4,2.8,0.000557,56.65,4.769570948,8.562964000000001
133,30.674846625766868,77.22392638036811,38.814482546956626,19.50903205785454,5,128,32,64,2,8,1,2.6,0.000326,65.957,2.9582361440000002,9.074344
134,8.116883116883116,20.434253246753247,37.55341308793744,69.0144541874729,1,512,16,128,2,16,2,3.2,0.001232,19.532,3.160251248,2.565139
135,24.449877750611247,61.55256723716382,31.868419417692554,16.499655526451765,6,128,64,64,8,1,1,3.3,0.000409,81.14,4.388331144000001,10.729416
136,0.0,0.0,0.0,0.0,1,8,32,64,2,16,1,3.5,0.0,0.0,0.0,0.0
137,8.130081300813009,20.46747967479675,36.70405598991953,65.82088989540068,1,1024,32,128,2,2,8,2.7,0.00123,21.941,3.30820431,2.689597
138,12.43055793256396,31.29392959522977,13.917160629999353,6.189294936955708,7,128,32,8192,1,1,8,2.8,0.000439,135.37,6.852190765,15.608635
139,8.116883116883116,20.434253246753247,43.48927008336618,92.55618933295132,1,8,4,64,2,8,1,3.5,0.001232,13.619,2.356439008,1.912694
140,8.130081300813009,20.46747967479675,42.27901865546715,87.33441766503623,1,8,256,128,8,2,1,2.4,0.00123,15.73,2.49327765,2.027055
141,37.17472118959108,93.58736059479554,39.41157800193885,16.597032662648775,6,64,32,64,1,8,1,2.2,0.000269,76.602,2.869279085,10.666465
142,8.116883116883116,20.434253246753247,43.36237550598014,92.01684968939993,1,128,128,64,2,1,4,3.2,0.001232,13.972,2.3702508368,1.9239049
143,14.367816091954024,36.17097701149425,29.25953373069725,23.668708585498145,4,128,32,128,2,16,8,2.6,0.000696,65.487,5.2057779360000005,7.479566
144,10.582530189842126,26.641519752927554,10.684155054529384,4.284709366727553,6,2048,32,64,4,2,1,2.2,0.000409,152.0,7.314181356000001,17.883084
145,8.130081300813009,20.46747967479675,45.36084832080515,100.53052906737645,1,16,32,64,1,1,1,2.6,0.00123,12.163,2.165998266,1.7609742
146,7.936507936507937,19.98015873015873,21.10859265623592,22.300757964166447,2,8,4,8192,2,8,1,2.6,0.00126,86.882,10.0023462,7.93837
147,10.743693972417267,27.04724957556047,11.455152354717482,4.851528992003629,7,1024,32,64,1,1,1,2.2,0.000436,146.11,7.452447720000001,17.09277
148,8.116883116883116,20.434253246753247,27.259900945480236,36.365517769799794,1,4096,32,64,8,8,1,3.5,0.001232,48.73,5.997522608,4.868119
149,8.116883116883116,20.434253246753247,37.634752434963644,69.313743631226,1,512,32,128,4,16,1,3.4,0.001232,19.43,3.1466056160000004,2.554063
150,33.4448160535117,84.19732441471572,35.6261413489715,15.074373873988172,7,64,32,64,1,1,4,3.1,0.000299,77.111,3.5114207180000006,11.743882000000001
151,8.130081300813009,20.46747967479675,40.95545823252914,81.95193476126394,1,8,512,64,8,1,1,2.0,0.00123,16.629,2.65703247,2.160189
152,8.116883116883116,20.434253246753247,40.61852710427839,80.74015351567309,1,512,32,128,2,2,1,3.5,0.001232,16.024,2.7012955200000004,2.19261
153,37.17472118959108,93.58736059479554,40.493939851909076,17.521160489071622,6,64,32,64,1,1,2,2.8,0.000269,66.039,2.7179431819999995,10.103878
154,33.86443218645127,85.25370802939106,31.658442266217506,11.756168615890592,9,8,64,512,2,1,1,3.8,0.000295,100.05,4.4378537399999995,15.043572
155,30.674846625766868,77.22392638036811,35.71710022024293,16.519637215276195,5,512,8,64,2,16,1,2.7,0.000326,86.883,3.493558788,10.716438
156,15.092332295517597,37.994946553965555,17.46457198740115,8.02768005660697,6,64,32,8192,1,1,1,3.4,0.000409,127.28,5.567546856000001,13.612584
157,8.130081300813009,20.46747967479675,34.08691635578186,56.76897620554774,1,8,2048,64,2,1,1,2.4,0.00123,27.952,3.83570334,3.118458
158,22.271714922049,56.069042316258354,44.54156835481909,35.38407701555721,3,8,32,64,2,1,2,3.0,0.000449,33.144,2.246412105,5.003145
159,24.449877750611247,61.55256723716382,32.66816034985011,17.338167172321718,6,64,64,64,4,1,1,2.8,0.000409,68.278,4.176101862,10.210518
160,8.116883116883116,20.434253246753247,31.79509407400457,49.47222660732291,1,8,32,4096,2,1,1,3.5,0.001232,44.88,4.4085950832,3.5784051
161,8.130081300813009,20.46747967479675,44.83451483511237,98.21110133922109,1,32,32,128,2,1,1,2.5,0.00123,12.61,2.217152121,1.8025627
162,24.449877750611247,61.55256723716382,32.36852567792783,17.021571992696455,6,64,32,64,8,1,1,3.3,0.000409,78.357,4.25377587,10.40043
163,0.0,0.0,0.0,0.0,1,8,512,64,1,16,1,2.1,0.0,0.0,0.0,0.0
164,8.130081300813009,20.46747967479675,44.994580289834985,98.91360771455176,1,8,32,128,2,1,1,2.3,0.00123,12.487,2.2014054149999995,1.7897604999999999
165,14.184397163120567,35.70921985815603,29.183501554840397,23.85033238990932,4,64,32,64,1,16,1,2.5,0.000705,62.556,5.2329386399999995,7.422607999999999
166,8.116883116883116,20.434253246753247,45.35000909189834,100.64587630389845,1,4,32,64,2,1,4,3.5,0.001232,12.707,2.167033792,1.758956
167,8.116883116883116,20.434253246753247,43.392619159640795,92.14525115239034,1,8,32,64,2,8,2,3.7,0.001232,13.895,2.366947968,1.921224
168,37.17472118959108,93.58736059479554,40.1681690102004,17.240381514955885,6,64,64,64,1,1,1,2.3,0.000269,67.422,2.762207939,10.268431000000001
169,30.674846625766868,77.22392638036811,40.51190329466205,21.25266592211607,5,8,32,64,2,1,1,2.0,0.000326,53.806,2.7155333820000003,8.329857
170,8.130081300813009,20.46747967479675,44.86948811024979,98.36438072807515,1,8,32,128,2,2,2,2.6,0.00123,12.938,2.213697174,1.7997538
171,24.449877750611247,61.55256723716382,32.072603986533174,16.711763174938877,6,64,32,1024,1,1,1,2.0,0.000409,73.372,4.332633933,10.593237
172,7.936507936507937,19.98015873015873,31.573834481785255,49.89485005333848,2,8,128,64,1,4,1,3.5,0.00126,24.198,4.4705997,3.548095
173,8.130081300813009,20.46747967479675,36.97665308203554,66.80220988971305,1,512,32,64,2,16,1,2.6,0.00123,18.963,3.25960701,2.650087
174,24.154589371980677,60.809178743961354,32.94496776547899,17.848800518067062,6,4,32,64,1,4,1,2.7,0.000414,65.162,4.106220498,9.918407
175,8.130081300813009,20.46747967479675,44.68940151072834,97.57638161215962,1,8,128,64,2,1,1,2.8,0.00123,12.751,2.231574363,1.8142881
176,8.116883116883116,20.434253246753247,39.96743140426744,78.17244671314961,1,512,64,64,2,8,1,3.5,0.001232,16.629,2.79002416,2.26463
177,7.5462585650034715,18.997705937396237,7.80583209013217,3.2072827540401523,6,64,32,16384,1,1,1,2.8,0.000409,180.0,6.967741178,17.036042
178,7.936507936507937,19.98015873015873,26.415916735193505,34.924680348379425,2,1024,64,64,2,1,1,3.5,0.00126,43.647,6.38688456,5.068956
179,8.130081300813009,20.46747967479675,45.39990032174601,100.7037007962702,1,8,32,64,2,1,1,2.6,0.00123,12.196,2.16227358,1.757946
180,37.453183520599254,94.28838951310863,40.54453373958837,17.43437579800935,6,64,32,64,1,1,8,2.8,0.000267,66.745,2.711164191,10.154173
181,8.116883116883116,20.434253246753247,45.78926338295669,102.60500424633385,1,8,4,64,2,1,1,3.5,0.001232,12.047,2.1256567024,1.7253707
182,8.116883116883116,20.434253246753247,44.81125865359151,98.26876851681058,1,8,128,64,2,1,1,3.5,0.001232,12.751,2.2194540368,1.8015049
183,37.17472118959108,93.58736059479554,40.43161704122032,17.46726957762719,6,64,32,64,1,1,1,2.4,0.000269,65.913,2.726328718999999,10.135050999999999
184,8.116883116883116,20.434253246753247,45.593528145227474,101.72966849473401,1,8,32,64,2,1,1,3.6,0.001232,12.196,2.1439469744,1.7402167
185,8.130081300813009,20.46747967479675,41.17539116705374,82.8344703255079,1,8,512,128,2,1,2,2.4,0.00123,16.529,2.6287238970000004,2.1371739
186,37.17472118959108,93.58736059479554,37.00543213118206,14.63233922307747,6,512,32,64,1,1,1,2.8,0.000269,88.549,3.2545390019999996,12.098657999999999
187,8.116883116883116,20.434253246753247,39.7826173174167,77.45116112209719,1,256,512,64,8,1,2,3.5,0.001232,18.269,2.81600704,2.28572
188,8.116883116883116,20.434253246753247,45.477714042121576,101.21350898034882,1,8,32,64,2,1,1,3.0,0.001232,12.196,2.1548804816,1.7490913
189,24.449877750611247,61.55256723716382,32.888522218712,17.572864013341075,6,64,32,64,2,1,1,3.0,0.000409,66.355,4.12032735,10.074150000000001
190,8.130081300813009,20.46747967479675,44.70160546693834,97.6296819672623,1,8,32,64,2,1,8,2.5,0.00123,13.031,2.2303560479999995,1.8132975999999998
191,2.485089463220676,6.256212723658052,12.925812360367301,26.70571359308467,4,16,32,64,2,1,1,2.6,0.004024,43.58,26.675019543999994,6.628981
192,37.17472118959108,93.58736059479554,40.45059346362047,17.4836698156662,6,64,32,64,1,1,1,2.5,0.000269,65.913,2.723771336,10.125544
193,8.116883116883116,20.434253246753247,39.84814277191152,77.70650892872428,1,512,8,256,2,1,1,3.5,0.001232,17.896,2.806753488,2.278209
194,22.271714922049,56.069042316258354,44.595520966706125,35.469849459426996,3,8,32,64,2,1,1,3.3,0.000449,33.018,2.2409798785,4.9910465
195,37.453183520599254,94.28838951310863,40.48626352796324,17.38429877655087,6,64,32,256,1,1,2,2.8,0.000267,67.323,2.718973941,10.183423
196,8.130081300813009,20.46747967479675,45.36844654418499,100.56421086212761,1,8,32,64,2,1,1,2.5,0.00123,12.196,2.165272812,1.7603844
197,8.116883116883116,20.434253246753247,43.377280161498796,92.0801172173061,1,256,32,64,1,1,1,3.5,0.001232,13.636,2.3686222559999996,1.922583
198,30.674846625766868,77.22392638036811,40.01831763372264,20.73794769700601,5,16,32,64,8,1,1,3.8,0.000326,64.018,2.78293323,8.536605
199,24.449877750611247,61.55256723716382,31.967486842936296,16.60239793274287,6,16,32,64,16,1,1,3.5,0.000409,94.271,4.361174362,10.663018
200,8.116883116883116,20.434253246753247,45.31696906485327,100.49927738617824,1,8,32,64,2,1,4,3.5,0.001232,12.725,2.1701948576000003,1.7615218000000001
201,13.826238202433954,34.807554674627475,15.397176382035555,6.8109651124767145,6,64,1024,64,1,1,1,2.0,0.000409,132.98,6.011639874,14.698386
202,8.116883116883116,20.434253246753247,45.321344410448596,100.51868469902907,1,8,64,64,2,1,1,3.5,0.001232,12.399,2.1697758544,1.7611817
203,30.674846625766868,77.22392638036811,40.62848805933505,21.37516336396961,5,8,32,64,2,1,1,2.5,0.000326,53.806,2.6999711200000003,8.28212
204,3.1899776208722965,8.030768660546006,2.8167785391413607,0.9879803134595457,6,8,32,32768,1,1,1,2.7,0.000409,276.85,9.561739833,23.378337
205,8.116883116883116,20.434253246753247,44.23764174269011,95.76904638125383,1,128,32,64,2,1,1,3.0,0.001232,12.887,2.277385264,1.848527
206,8.116883116883116,20.434253246753247,43.22586230189995,91.43838774924124,1,8,32,64,4,8,1,3.5,0.001232,13.944,2.385245632,1.9360760000000001
207,37.17472118959108,93.58736059479554,40.24858045301904,17.309476602262812,6,64,64,64,1,2,1,2.8,0.000269,67.557,2.7511818979999996,10.227442
208,8.130081300813009,20.46747967479675,43.26520359188183,91.45619644376526,1,128,128,64,2,1,1,2.3,0.00123,13.442,2.38090977,1.935699
209,8.116883116883116,20.434253246753247,43.51260013828778,92.6555205091897,1,256,8,64,2,2,1,3.5,0.001232,13.581,2.353912792,1.9106435
210,24.449877750611247,61.55256723716382,30.010681378230593,14.632062271513075,6,64,512,64,2,1,8,2.4,0.000409,89.136,4.948444782999999,12.098887
211,8.116883116883116,20.434253246753247,45.49870598582022,101.30696832354428,1,8,32,64,2,1,1,3.1,0.001232,12.196,2.1528925264,1.7474777
212,2.4807740014884647,6.24534854874721,12.963412077906057,26.908034257801464,4,8,32,64,2,1,1,3.5,0.004031,43.415,26.5205048749,6.5791379
213,37.453183520599254,94.28838951310863,40.60497128558608,17.486391501830113,6,64,32,64,1,1,8,3.3,0.000267,66.745,2.703099456,10.123968
214,8.116883116883116,20.434253246753247,44.7100122580569,97.82521396680903,1,8,128,64,2,1,1,3.0,0.001232,12.751,2.2295173824,1.8096732
215,8.116883116883116,20.434253246753247,45.26992775526924,100.29073899692985,1,8,32,128,2,1,1,3.5,0.001232,12.487,2.1747074272,1.7651846
216,24.330900243309003,61.25304136253042,32.75641090979804,17.517211093911474,6,64,32,64,1,1,8,3.5,0.000411,66.745,4.153630116,10.106156
217,8.116883116883116,20.434253246753247,45.04625528496243,99.3021418837713,1,64,32,64,2,1,1,3.5,0.001232,12.557,2.1963576096,1.7827578000000002
218,8.116883116883116,20.434253246753247,43.25121739261381,91.54568964933257,1,8,32,512,2,1,1,3.5,0.001232,15.097,2.3824498544,1.9338067
219,21.740421430159387,54.731510950426255,19.123769826786965,6.6820478009310165,11,64,32,64,1,1,8,3.6,0.000319,120.08,5.861256236,18.373844000000002
220,8.130081300813009,20.46747967479675,43.724494918859996,93.40824988157215,1,8,128,64,2,2,8,2.4,0.00123,13.668,2.3311533179999997,1.8952466
221,8.116883116883116,20.434253246753247,40.63470926440148,80.80449904695135,1,512,4,64,4,1,1,3.5,0.001232,16.385,2.699144448,2.190864
222,25.99352665530105,65.43870335472039,22.11905544252271,7.47650226223655,10,64,128,64,4,1,8,2.8,0.000282,116.8,4.894585452,17.356686
223,8.116883116883116,20.434253246753247,37.448222422044935,68.62836364200236,1,256,1024,64,2,1,1,3.5,0.001232,22.38,3.17803024,2.57957
224,8.116883116883116,20.434253246753247,45.70978143877452,102.24910565364131,1,8,4,64,2,1,1,3.1,0.001232,12.047,2.1330554783999998,1.7313762
225,24.271844660194176,61.104368932038845,33.00827692308841,17.830907420762337,6,4,32,64,1,2,8,2.8,0.000412,64.966,4.090484320000001,9.928360000000001
226,2.485707183693761,6.2577678349490435,12.865973020986214,26.452445367541035,4,8,64,64,2,1,1,2.4,0.004023,44.226,26.923726349999995,6.69245
227,8.116883116883116,20.434253246753247,26.073404909420574,33.268768638688194,1,8,4096,2048,2,1,1,3.5,0.001232,63.815,6.555788623999999,5.321256999999999
228,17.271157167530227,43.480138169257344,27.594905590134314,17.513256548637877,6,64,32,64,1,1,4,2.8,0.000579,66.44,5.852785602,10.108438000000001
229,0.0,0.0,0.0,0.0,1,8,128,64,2,16,1,3.5,0.0,0.0,0.0,0.0
230,8.116883116883116,20.434253246753247,32.37409174170766,51.29043882565326,1,2048,32,256,2,1,8,3.5,0.001232,29.095,4.2523132960000005,3.451553
231,24.449877750611247,61.55256723716382,31.84636638219568,16.47682781193083,6,16,256,64,1,1,8,2.8,0.000409,73.924,4.394410929000001,10.744281
232,8.116883116883116,20.434253246753247,45.099280884721544,99.53606387070587,1,64,32,64,2,1,1,3.8,0.001232,12.557,2.1911958992,1.7785681
233,14.367816091954024,36.17097701149425,31.332295313968533,27.140896120383207,4,8,4,64,2,1,1,3.2,0.000696,42.821,4.5397926576,6.5226906
234,32.03409493796079,80.64583400631628,27.860966331013618,9.62521442629112,10,16,32,64,1,1,1,2.0,0.000281,105.4,4.652277869,16.556148999999998
235,8.116883116883116,20.434253246753247,42.976352402104794,90.38582636159504,1,64,16,64,2,8,1,3.5,0.001232,14.254,2.413022304,1.958622
236,8.116883116883116,20.434253246753247,26.121416899332793,33.39140474522417,1,8,4,8192,2,2,1,3.5,0.001232,73.596,6.5317112784,5.3017137
237,37.453183520599254,94.28838951310863,40.5133453345087,17.40756373789764,6,64,32,64,1,1,8,2.6,0.000267,66.745,2.715340071,10.169813
238,7.936507936507937,19.98015873015873,31.569550575260354,49.881311604375014,2,8,32,64,8,1,1,3.5,0.00126,26.623,4.47181308,3.549058
239,8.116883116883116,20.434253246753247,43.09127287501943,90.86986324222136,1,256,32,128,2,1,1,3.5,0.001232,14.001,2.400168848,1.948189
240,37.453183520599254,94.28838951310863,38.79479191982573,15.962048857493055,6,16,32,64,1,16,8,2.8,0.000267,90.3,2.9612398620000002,11.090786000000001
241,8.116883116883116,20.434253246753247,40.52489209016309,80.36833345893368,1,128,512,64,2,4,1,3.5,0.001232,16.674,2.713792928,2.202754
242,8.116883116883116,20.434253246753247,26.02071908102043,33.13445386613088,1,64,32,8192,2,1,1,3.5,0.001232,74.023,6.5823633568,5.3428274
243,24.449877750611247,61.55256723716382,32.2380173941306,16.88458844453804,6,64,32,64,8,1,8,2.8,0.000409,79.189,4.288286471999999,10.484808
244,8.116883116883116,20.434253246753247,38.86847812183966,73.93265480586962,1,8,1024,64,2,1,1,3.6,0.001232,20.874,2.950022768,2.394499
245,8.116883116883116,20.434253246753247,36.79840821234825,66.26730277886581,1,8,4,2048,2,2,1,3.4,0.001232,26.568,3.2912613887999997,2.6714784
246,13.293159279086453,33.465528485100144,11.739781943632462,4.118341658503958,13,64,32,64,1,1,2,2.8,0.00038,140.7,8.25133064,21.714028
247,8.130081300813009,20.46747967479675,44.56061567827687,97.01480109796725,1,8,128,64,2,1,1,2.4,0.00123,12.751,2.244492069,1.8247903
248,8.116883116883116,20.434253246753247,28.564318662878417,39.92904907372155,1,8,4096,64,2,4,1,3.5,0.001232,49.66,5.462264192,4.433656
249,37.453183520599254,94.28838951310863,40.65779584424466,17.53191852621959,6,64,32,64,1,1,8,3.9,0.000267,66.745,2.6960800259999997,10.097678
250,8.130081300813009,20.46747967479675,39.91766307197523,77.85129632203034,1,512,64,64,2,1,1,2.6,0.00123,16.548,2.79698556,2.273972
251,8.130081300813009,20.46747967479675,36.83967748599604,66.30820495907886,1,8,4,2048,2,1,1,2.8,0.00123,26.487,3.283891515,2.6698305
252,15.57632398753894,39.21339563862929,44.66208385498476,50.867865477701734,2,64,32,64,1,1,1,2.2,0.000642,23.188,2.234305092,3.480226
253,8.130081300813009,20.46747967479675,40.64054604775243,80.6965004632837,1,8,32,1024,2,1,1,2.5,0.00123,19.68,2.698369203,2.1937961
254,8.116883116883116,20.434253246753247,40.55076515936662,80.4709883524308,1,512,32,64,2,1,1,3.5,0.001232,16.344,2.710331008,2.199944
255,22.779043280182233,57.346241457858774,29.361610488276483,15.033316021221548,7,4,64,64,1,1,8,2.1,0.000439,76.529,5.169644683999999,11.775955999999999
256,0.0,0.0,0.0,0.0,1,8,4,64,8,1,1,3.5,0.0,0.0,0.0,0.0
257,8.116883116883116,20.434253246753247,44.446796313179206,96.67677495477483,1,128,32,64,2,1,1,3.8,0.001232,12.887,2.2560021792,1.8311705999999999
258,37.453183520599254,94.28838951310863,40.557940537834895,17.445907700458275,6,64,32,64,1,1,8,2.9,0.000267,66.745,2.7093720869999998,10.147461
259,8.130081300813009,20.46747967479675,45.64059686261761,101.77433250567852,1,8,4,64,2,1,1,2.7,0.00123,12.047,2.1395271899999995,1.739453
260,8.116883116883116,20.434253246753247,45.344160209698515,100.61991697443086,1,32,32,64,2,1,1,3.5,0.001232,12.32,2.1675928736,1.7594097999999998
261,11.042587000037596,27.799712772594646,11.946837338704855,5.134115002014507,6,64,512,8192,1,1,8,3.9,0.000409,148.8,6.369462931,15.573259
262,7.961783439490446,20.0437898089172,31.145838016552283,48.39719608922191,2,256,4,64,2,1,1,3.5,0.001256,25.34,4.594311096,3.657891
263,8.116883116883116,20.434253246753247,40.97563674555272,82.16609564483417,1,8,4,1024,2,1,1,3.9,0.001232,19.532,2.6544161952,2.1545586
264,36.76470588235294,92.55514705882355,40.242760745275845,17.497457935778026,6,64,4,64,1,1,8,2.1,0.000272,65.757,2.7519776799999995,10.117564999999999
265,7.961783439490446,20.0437898089172,32.62369757464018,53.099022369915744,2,8,8,64,2,1,1,3.5,0.001256,22.355,4.1874928216,3.3339911
266,8.116883116883116,20.434253246753247,45.16449337644591,99.8241255659847,1,32,4,128,2,1,1,3.1,0.001232,12.47,2.1848727824000003,1.7734357
267,24.449877750611247,61.55256723716382,32.811645784385405,17.49080740908482,6,64,32,64,2,1,8,3.1,0.000409,67.18,4.139657508,10.121412
268,8.130081300813009,20.46747967479675,44.437278409818205,96.4784987622715,1,8,16,256,1,1,1,2.7,0.00123,13.705,2.256968697,1.8349339
269,8.116883116883116,20.434253246753247,38.52055699174223,72.61500055989686,1,64,1024,64,2,1,1,3.5,0.001232,21.235,3.0035531680000003,2.437949
270,24.449877750611247,61.55256723716382,33.08974544737513,17.78855542374506,6,4,32,64,1,1,8,2.3,0.000409,64.475,4.070367182,9.951998
271,8.116883116883116,20.434253246753247,38.850338129915826,73.86366189078177,1,8,1024,64,2,1,1,3.5,0.001232,20.874,2.9527782592,2.3967356
272,8.130081300813009,20.46747967479675,33.800547258752566,55.819134214066864,1,512,32,2048,2,2,1,2.3,0.00123,30.166,3.90097329,3.171523
273,7.318938354812544,18.425427308240582,5.918246930527775,1.9009408110191601,13,64,512,64,2,1,8,3.5,0.000379,189.87,9.790590267999999,25.832691999999998
274,8.130081300813009,20.46747967479675,45.69432434292455,102.0140882185643,1,8,4,64,2,1,1,2.9,0.00123,12.047,2.134498827,1.7353649
275,8.116883116883116,20.434253246753247,28.652109307971514,40.17486510921977,1,8,4096,64,2,2,1,3.5,0.001232,49.493,5.428842496,4.406528
276,24.449877750611247,61.55256723716382,32.42614179954162,17.082222873868034,6,64,32,512,4,1,8,2.8,0.000409,72.137,4.238672727,10.363503
277,8.130081300813009,20.46747967479675,45.67947812417585,101.94780964001527,1,8,8,64,2,1,1,2.9,0.00123,12.066,2.135886513,1.7364931000000001
278,8.116883116883116,20.434253246753247,25.773767963374162,32.508509462434084,1,256,4,8192,2,1,8,3.5,0.001232,70.151,6.7091053568,5.4457024
279,24.449877750611247,61.55256723716382,31.578978302607144,16.20130427369779,6,64,32,2048,1,1,8,3.2,0.000409,80.626,4.469143409,10.927000999999999
280,8.116883116883116,20.434253246753247,43.0672456108014,90.76855523437324,1,8,256,64,8,1,1,3.5,0.001232,15.36,2.4028477087999995,1.9503633999999999
281,8.116883116883116,20.434253246753247,36.71803882598773,65.97815731000385,1,1024,4,64,2,1,1,3.5,0.001232,22.378,3.305685152,2.683186
282,24.449877750611247,61.55256723716382,31.859671352064346,16.49059826782815,6,8,32,64,16,1,8,2.8,0.000409,94.854,4.390741381000001,10.735309
283,8.116883116883116,20.434253246753247,36.710433296045814,65.95082758884547,1,8,32,2048,2,2,1,3.5,0.001232,26.716,3.3070550128000002,2.6842979000000002
284,8.130081300813009,20.46747967479675,44.858978441924634,98.31830683730932,1,8,4,128,2,2,1,2.1,0.00123,12.419,2.214734556,1.8005972
285,24.449877750611247,61.55256723716382,32.28724730312247,16.936195924961773,6,64,32,64,8,1,8,3.3,0.000409,79.189,4.275219331000001,10.452859
286,8.116883116883116,20.434253246753247,45.70638534956531,102.23391266107984,1,8,16,64,2,1,1,3.5,0.001232,12.1,2.133372472,1.7316335
287,8.116883116883116,20.434253246753247,45.47181431645764,101.18725026366853,1,32,16,64,2,1,1,3.5,0.001232,12.235,2.1554396864000003,1.7495452
288,16.95758269707491,42.69071443988609,14.861090435108087,5.173303183563456,12,64,32,64,1,1,8,3.7,0.000345,130.74,6.90693174,20.020092
289,15.57632398753894,39.21339563862929,45.337425766693734,52.41785725706449,2,8,4,64,2,1,1,2.1,0.000642,22.31,2.168236872,3.377316
290,8.116883116883116,20.434253246753247,32.08145684920238,50.36738368360806,1,32,4,4096,2,1,2,3.5,0.001232,45.002,4.3302430864,3.5148077
291,12.139171831563027,30.56036508595992,10.603795556010999,3.679291130109442,13,64,32,1024,1,1,8,3.3,0.000379,147.43,8.389851747999998,22.136812
292,8.130081300813009,20.46747967479675,45.668511327893945,101.89886395608151,1,8,4,64,2,1,1,2.8,0.00123,12.047,2.1369124559999997,1.7373272
293,8.116883116883116,20.434253246753247,41.69728644748862,85.08574676494091,1,8,512,64,2,1,1,3.5,0.001232,15.868,2.5633319712000002,2.0806266
294,24.449877750611247,61.55256723716382,32.1492503123574,16.791733343374954,6,64,32,64,8,1,8,2.2,0.000409,79.189,4.311999883,10.542787
295,8.116883116883116,20.434253246753247,43.86122077928234,94.14617040407965,1,8,256,64,2,1,1,3.5,0.001232,13.643,2.3166424512,1.8803916
296,8.116883116883116,20.434253246753247,36.80998015677509,66.30898730578593,1,1024,4,64,2,1,1,3.7,0.001232,22.378,3.2891923680000006,2.6697990000000003
297,24.449877750611247,61.55256723716382,31.4688071470659,16.088456870427937,6,64,32,128,16,1,8,2.6,0.000409,97.83,4.500490805,11.003644999999999
298,0.0,0.0,0.0,0.0,1,8,4,128,8,1,1,3.5,0.0,0.0,0.0,0.0
299,8.130081300813009,20.46747967479675,45.42483474436108,100.81434765480006,1,8,4,64,2,1,2,2.2,0.00123,12.17,2.1599004180000003,1.7560166000000001
300,24.449877750611247,61.55256723716382,31.505837436575714,16.126342687793194,6,256,64,64,1,1,8,2.4,0.000409,75.146,4.489917746,10.977794
301,8.130081300813009,20.46747967479675,45.54010185033835,101.32663666904485,1,8,4,64,2,1,1,2.4,0.00123,12.047,2.148980355,1.7471385
302,8.116883116883116,20.434253246753247,45.47674684447276,101.20920390789735,1,8,4,128,2,1,1,3.5,0.001232,12.338,2.1549721424,1.7491657
303,22.423805317521797,56.45192988686112,27.583407534703607,13.477738896622311,6,16,32,4096,1,1,8,3.0,0.000409,104.42,4.927082713000001,12.046657
304,8.116883116883116,20.434253246753247,45.55354210032599,101.5513105777861,1,32,4,64,2,1,1,3.5,0.001232,12.179,2.1477124592,1.7432731000000001
305,8.116883116883116,20.434253246753247,40.92278798671673,81.95428315306076,1,8,8,1024,2,1,1,3.5,0.001232,19.551,2.6612765872,2.1601271
306,24.330900243309003,61.25304136253042,30.15646420787158,14.846811085480947,6,512,16,64,1,1,4,3.9,0.000411,88.483,4.9007167350000005,11.923885
307,8.130081300813009,20.46747967479675,45.414882672849295,100.77017790951581,1,8,4,64,2,1,1,2.1,0.00123,12.047,2.160847149,1.7567863
308,8.116883116883116,20.434253246753247,45.75502299020242,102.45160924422757,1,8,16,64,2,1,1,3.8,0.001232,12.1,2.128839328,1.727954
309,28.304656201725273,71.25697198784339,24.34318713417215,8.316249530648342,10,64,64,64,1,1,8,2.8,0.000282,111.93,4.7915889,16.99145
310,8.116883116883116,20.434253246753247,43.42637251055355,92.28865898121327,1,8,4,512,2,1,1,3.5,0.001232,14.948,2.3632699552000003,1.9182386
311,8.116883116883116,20.434253246753247,45.2215728661251,100.07660313259484,1,8,64,64,2,1,1,3.0,0.001232,12.399,2.1793606912,1.7689616000000001
312,24.330900243309003,61.25304136253042,31.115032229575544,15.805667916430293,6,64,32,64,1,16,8,2.4,0.000411,93.721,4.603412898,11.200518
313,8.116883116883116,20.434253246753247,44.59794555970169,97.3354261654822,1,8,4,256,2,1,1,3.5,0.001232,13.729,2.2407362208,1.8187794
314,8.116883116883116,20.434253246753247,45.771568286893164,102.52571690010741,1,8,8,64,2,1,1,3.5,0.001232,12.066,2.12730056,1.7267050000000002
315,10.013575153496216,25.20917544892673,8.871080887599598,3.1217235277596247,14,64,32,64,4,1,8,2.8,0.000413,155.5,9.686029528,23.452856
316,8.130081300813009,20.46747967479675,45.45933421323214,100.9675397237623,1,8,4,64,2,1,1,2.2,0.00123,12.047,2.156623329,1.7533523
317,8.116883116883116,20.434253246753247,45.43620481694954,101.02883052483477,1,32,4,64,2,1,2,3.1,0.001232,12.305,2.1588195552,1.7522886
318,37.453183520599254,94.28838951310863,40.598958462310286,17.481213081863505,6,64,32,256,1,1,2,3.9,0.000267,67.323,2.7039001889999996,10.126966999999999
319,22.271714922049,56.069042316258354,44.71775128880011,35.66455209004233,3,8,4,64,2,1,1,2.7,0.000449,32.57,2.228745751,4.963799
320,8.130081300813009,20.46747967479675,45.68055932237183,101.9526357499829,1,4,4,64,2,1,1,2.7,0.00123,12.028,2.1357854069999997,1.7364109
321,37.453183520599254,94.28838951310863,40.412349395065576,17.320881097473873,6,64,32,64,1,1,8,2.1,0.000267,66.745,2.728929036,10.220708
322,8.130081300813009,20.46747967479675,43.42276554841066,92.12353439852453,1,8,256,64,2,1,1,2.0,0.00123,13.643,2.3636625870000003,1.9216769
323,8.116883116883116,20.434253246753247,43.1030558770319,90.91956547194734,1,64,4,64,2,8,1,3.6,0.001232,14.197,2.398856768,1.947124
324,23.25581395348837,58.54651162790699,31.836659599450645,17.31226790919785,6,64,64,64,1,4,8,3.5,0.00043,69.033,4.39709099,10.225793
325,8.116883116883116,20.434253246753247,45.87329837096257,102.98196259096058,1,4,4,64,2,1,1,3.8,0.001232,12.028,2.1178758832,1.7190551
326,8.116883116883116,20.434253246753247,40.00911179019652,78.33557737152829,1,512,128,64,2,1,1,3.5,0.001232,16.9,2.7842140480000004,2.259914
327,40.0,100.7,34.729994767080406,11.97788020378781,9,16,32,64,1,1,8,3.9,0.00025,95.887,3.69497075,14.779883
328,22.271714922049,56.069042316258354,43.68372026288158,34.03424308983337,3,8,128,64,2,1,1,2.4,0.000449,34.681,2.3355071750000005,5.201575
329,8.116883116883116,20.434253246753247,45.78842610686537,102.60125192864542,1,8,4,64,2,1,2,3.7,0.001232,12.17,2.1257344416,1.7254338
330,24.449877750611247,61.55256723716382,30.01300707020033,14.634330196580775,6,64,512,64,1,1,8,3.9,0.000409,93.153,4.947677908,12.097012
331,8.116883116883116,20.434253246753247,40.9921887231411,82.23249051592354,1,512,4,64,2,2,1,3.5,0.001232,15.585,2.652273008,2.152819
332,8.130081300813009,20.46747967479675,39.91343319239629,77.8347981537547,1,512,4,64,4,1,1,2.3,0.00123,16.385,2.79757842,2.274454
333,15.909022262853021,40.05096354673248,19.781518277191857,9.7702634518215,6,64,32,64,16,16,8,3.9,0.000409,123.97,4.822084232999999,11.789936999999998
334,8.116883116883116,20.434253246753247,44.77455815988495,98.10786986950218,1,8,128,64,2,1,1,3.3,0.001232,12.751,2.2230939808,1.8044594
335,8.116883116883116,20.434253246753247,44.67716094224502,97.68150985289424,1,8,128,64,2,1,2,3.0,0.001232,12.878,2.232797336,1.8123354999999999
336,23.529411764705884,59.235294117647065,32.05922069508825,17.351034495331053,6,128,4,64,1,1,8,3.9,0.000425,67.726,4.336252050000001,10.202946
337,0.0,0.0,0.0,0.0,1,8,4,256,8,1,1,2.1,0.0,0.0,0.0,0.0
338,0.0,0.0,0.0,0.0,1,8,4,64,16,1,1,3.6,0.0,0.0,0.0,0.0
339,23.25581395348837,58.54651162790699,31.74944645650773,17.21754759192453,6,128,32,64,1,1,4,3.5,0.00043,68.409,4.42128107,10.282048999999999
340,8.130081300813009,20.46747967479675,45.34273260497436,100.4502475513816,1,8,16,64,2,1,1,2.1,0.00123,12.1,2.167729368,1.7623816
341,8.116883116883116,20.434253246753247,45.55840325209627,101.57298540921225,1,8,4,64,2,1,4,3.7,0.001232,12.576,2.1472541552,1.7429011
342,37.453183520599254,94.28838951310863,40.571360644498704,17.457454868471746,6,64,32,64,1,1,8,3.0,0.000267,66.745,2.707579983,10.140749
343,14.326647564469912,36.06733524355301,28.29657920431182,22.200043037807056,4,512,4,64,2,1,1,2.0,0.000698,59.363,5.566120032000001,7.974384000000001
344,8.116883116883116,20.434253246753247,43.48149491613767,92.52309723833464,1,256,4,64,2,1,1,3.3,0.001232,13.562,2.3572818192000002,1.9133781
345,31.537622128259024,79.3959637078921,26.43156302893428,8.799282627551012,9,64,32,2048,1,1,8,3.9,0.00025,112.62,3.96563425,15.862537
346,8.130081300813009,20.46747967479675,45.4318427440228,100.84545669095013,1,32,4,64,2,1,1,2.8,0.00123,12.179,2.159234127,1.7554749
347,0.0,0.0,0.0,0.0,1,8,4,64,8,1,1,2.5,0.0,0.0,0.0,0.0
348,24.449877750611247,61.55256723716382,33.168475718892225,17.873304573566234,6,16,32,64,1,1,8,3.9,0.000409,64.833,4.051066881000001,9.904809
349,8.116883116883116,20.434253246753247,43.73377926402376,93.59987006220793,1,4,4,512,2,1,2,3.5,0.001232,14.967,2.3301636512,1.8913666
350,8.116883116883116,20.434253246753247,40.73669988579709,81.21063674539569,1,8,512,256,2,1,1,3.2,0.001232,17.549,2.6856459168000004,2.1799074000000003
351,24.449877750611247,61.55256723716382,32.262517118630434,16.910261546353052,6,64,128,64,1,1,8,2.9,0.000409,70.42,4.28177601,10.46889
352,8.130081300813009,20.46747967479675,45.33545073398982,100.41798628410892,1,32,4,64,2,1,2,2.6,0.00123,12.305,2.168425794,1.7629478
353,8.116883116883116,20.434253246753247,44.41725964377065,96.54832650053434,1,128,8,64,2,1,1,3.0,0.001232,12.757,2.2590035776,1.8336068
354,16.95758269707491,42.69071443988609,14.793174402797156,5.126126647979259,12,64,32,64,1,1,8,2.2,0.000345,130.74,6.970497300000001,20.204340000000002
355,7.936507936507937,19.98015873015873,32.183123722101556,51.83910030447827,2,8,4,128,2,1,1,3.8,0.00126,22.607,4.3029277200000005,3.415022
356,8.130081300813009,20.46747967479675,45.17607341184074,99.71318605607901,1,8,32,64,2,1,2,2.1,0.00123,12.322,2.183752824,1.7754088000000001
357,30.395136778115504,76.51975683890579,39.954339558604076,20.86192266560608,5,64,32,64,1,2,8,3.0,0.000329,56.184,2.7918528749999996,8.485875
358,8.116883116883116,20.434253246753247,45.86859182926825,102.96083203991327,1,8,4,64,1,1,1,3.7,0.001232,11.956,2.1183105328,1.7194079
359,8.116883116883116,20.434253246753247,37.84232330255344,70.08043874382896,1,512,256,64,16,1,1,3.5,0.001232,22.37,3.1121810720000003,2.5261210000000003
360,23.86634844868735,60.08353221957041,31.42486070258061,16.435815833326448,6,256,32,64,1,1,8,3.9,0.000419,73.637,4.513087129,10.771091
361,8.130081300813009,20.46747967479675,44.752456956907515,97.85193074582831,1,4,128,64,2,1,1,2.9,0.00123,12.733,2.225290293,1.8091791000000002
362,8.130081300813009,20.46747967479675,40.655152714945956,80.75451733858829,1,256,64,64,1,8,4,2.6,0.00123,15.982,2.6964306,2.19222
363,14.163126120681085,35.65567000881464,12.651198137200732,4.488846073209218,13,4,32,64,1,1,8,3.9,0.000379,136.49,8.023314026,21.169694
364,8.116883116883116,20.434253246753247,45.246665539397576,100.18769551852319,1,32,32,64,2,2,1,3.8,0.001232,12.395,2.1769441231999997,1.7670001
365,8.116883116883116,20.434253246753247,40.6474665689525,80.85524430586315,1,512,8,64,2,1,1,3.4,0.001232,16.215,2.697450448,2.189489
366,21.818388101123865,54.927792044579334,17.167304762905935,5.365523387200806,9,16,512,64,1,1,8,2.0,0.00025,135.4,4.49926475,17.997059
367,8.116883116883116,20.434253246753247,45.305553593358475,100.44865166417614,1,64,4,64,2,1,1,3.8,0.001232,12.408,2.1712886272,1.7624096
368,8.130081300813009,20.46747967479675,40.31221741038616,79.39789843999826,1,512,4,64,2,1,1,2.7,0.00123,16.196,2.74250271,2.229677
369,24.271844660194176,61.104368932038845,32.924270739269915,17.740263464931516,6,16,32,64,1,1,8,2.5,0.000412,64.833,4.111384668,9.979089
370,8.130081300813009,20.46747967479675,43.09637032839179,90.74381237905553,1,4,4,512,2,1,1,2.0,0.00123,14.929,2.399601096,1.9508952
371,8.130081300813009,20.46747967479675,45.05631519887362,99.18522317137267,1,32,32,64,2,1,1,2.3,0.00123,12.32,2.195376939,1.7848593
372,17.993712539078796,45.29917131713088,15.906808546500777,5.585677414795061,12,16,32,64,1,1,8,3.5,0.000345,126.92,6.787878794999998,19.675010999999998
373,8.130081300813009,20.46747967479675,45.15296505844839,99.61120206118916,1,8,4,128,2,1,1,2.2,0.00123,12.338,2.185988595,1.7772265
374,8.130081300813009,20.46747967479675,45.39738641448924,100.69254866803323,1,32,4,64,2,1,2,2.8,0.00123,12.305,2.162513061,1.7581407
375,13.653205936545957,34.371945945254446,15.192166144919995,6.714834026053124,6,64,1024,64,1,1,8,2.2,0.000409,133.82,6.021392479000001,14.722231
376,8.116883116883116,20.434253246753247,45.88844704376579,103.04998898959398,1,4,4,64,2,1,1,3.9,0.001232,12.028,2.1164778096,1.7179203
377,8.116883116883116,20.434253246753247,40.25656179136524,79.30756009004145,1,4,128,1024,2,1,1,3.5,0.001232,20.217,2.7500910976,2.2322168
378,33.898305084745765,85.33898305084746,31.954494584867284,11.96510302408827,9,16,32,64,1,1,8,3.6,0.000295,95.887,4.36472147,14.795666
379,8.130081300813009,20.46747967479675,45.5691797165788,101.45607436947303,1,4,8,64,2,1,1,2.4,0.00123,12.04,2.1462386849999997,1.7449095
380,8.116883116883116,20.434253246753247,45.71250360825682,102.2612845647741,1,4,4,64,2,2,1,3.8,0.001232,12.111,2.13280144,1.73117
381,22.779043280182233,57.346241457858774,29.661012358532297,15.341470195209116,7,16,32,64,1,1,8,3.9,0.000439,75.18,5.0658053800000005,11.539420000000002
382,8.116883116883116,20.434253246753247,45.744068464653544,102.40255782439158,1,4,4,64,2,1,1,3.1,0.001232,12.028,2.1298590544000002,1.7287817
383,8.130081300813009,20.46747967479675,45.500350581323424,101.14982088257028,1,4,4,64,2,1,1,2.2,0.00123,12.028,2.152736898,1.7501926
384,15.57632398753894,39.21339563862929,44.902547233872255,51.417091411076974,2,16,32,64,1,1,4,2.0,0.000642,23.077,2.210438742,3.443051
385,7.961783439490446,20.0437898089172,32.568843045048006,52.920607699701,2,4,4,64,2,1,4,3.5,0.001256,22.808,4.201610387199999,3.3452311999999997
386,8.116883116883116,20.434253246753247,45.722636146864936,102.30662363699365,1,4,4,64,2,1,1,3.0,0.001232,12.028,2.1318562496,1.7304028
387,31.30370149992312,78.80706852605645,26.65953616874245,9.018618279114056,9,16,32,64,1,8,8,3.9,0.00025,113.04,3.84049025,15.361961
388,8.116883116883116,20.434253246753247,41.164342542898495,82.92464013865144,1,512,4,64,1,2,1,3.9,0.001232,15.494,2.6301352,2.1348499999999997
389,8.116883116883116,20.434253246753247,40.480315318932725,80.19162278810369,1,512,4,128,2,1,1,3.5,0.001232,16.486,2.719773056,2.207608
390,23.584465521408173,59.37389195014508,20.92301032016784,7.373145779721456,11,8,32,64,1,1,1,2.4,0.000319,115.29,5.762428441,18.064038999999998
391,7.936507936507937,19.98015873015873,32.04612583225967,51.39869981647849,2,4,4,64,2,1,1,2.5,0.00126,22.28,4.33979658,3.444283
392,8.130081300813009,20.46747967479675,44.87861311063914,98.40439305355909,1,64,16,64,1,2,1,2.7,0.00123,12.406,2.21279706,1.7990220000000001
393,20.946272909481976,52.732242049620886,16.287555816125987,5.030783144281777,9,512,128,64,1,1,8,3.9,0.00025,138.19,4.606829500000001,18.427318
394,8.116883116883116,20.434253246753247,45.88297614541269,103.025418865992,1,8,4,64,1,1,1,3.8,0.001232,11.956,2.11698256,1.71833
395,8.116883116883116,20.434253246753247,44.67529985477834,97.67337191201146,1,4,4,256,2,1,1,3.8,0.001232,13.711,2.232983368,1.8124865000000001
396,22.172949002217294,55.82039911308205,27.306390287876955,13.35782191458952,8,16,32,256,1,1,1,2.8,0.000451,86.38,5.977118333999999,13.253034
397,8.130081300813009,20.46747967479675,45.73397017856666,102.19118628804966,1,4,4,64,2,1,1,2.9,0.00123,12.028,2.1307997249999997,1.7323575
398,8.116883116883116,20.434253246753247,45.823631298740814,102.75908593511105,1,4,4,64,2,1,1,3.5,0.001232,12.028,2.1224693952,1.7227836
399,40.0,100.7,34.33782245570425,11.708898222437604,9,64,32,64,1,1,8,2.9,0.00025,98.753,3.7798532500000004,15.119413000000002
400,0.0,0.0,0.0,0.0,1,4,4,64,8,1,4,2.5,0.0,0.0,0.0,0.0
401,8.116883116883116,20.434253246753247,45.33893061206588,100.59670907584241,1,32,8,64,2,2,2,3.5,0.001232,12.392,2.1680929424,1.7598157
402,38.910762844435524,97.95784546086644,33.226458813509254,11.27012910596188,9,16,128,64,1,1,8,3.9,0.00025,101.39,3.8200745000000005,15.280298
403,7.936507936507937,19.98015873015873,31.140785257755443,48.53557569619642,2,4,4,512,2,1,1,3.8,0.00126,25.176,4.59580212,3.647462
404,0.0,0.0,0.0,0.0,1,512,4,64,8,1,1,3.5,0.0,0.0,0.0,0.0
405,40.0,100.7,34.41604243548021,11.762303643701832,9,64,32,64,1,1,8,3.9,0.00025,98.753,3.76269125,15.050765
406,8.116883116883116,20.434253246753247,45.47465406079921,101.19988907732329,1,32,4,64,2,2,1,3.9,0.001232,12.246,2.1551704943999996,1.7493267
407,0.0,0.0,0.0,0.0,1,4,4,64,2,8,1,3.8,0.0,0.0,0.0,0.0
408,14.367816091954024,36.17097701149425,30.54098032203969,25.787290145212555,4,16,128,64,1,1,8,3.9,0.000696,46.57,4.778091852,6.8650744999999995
409,8.116883116883116,20.434253246753247,44.46287939596467,96.74675263673815,1,4,4,256,2,1,4,3.6,0.001232,14.07,2.2543703951999996,1.8298461
410,8.116883116883116,20.434253246753247,45.80397296173212,102.6709375549329,1,4,16,64,2,1,1,3.9,0.001232,12.085,2.1242916463999997,1.7242627
411,39.8406374501992,100.29880478087651,34.696915182435355,12.002894010623846,9,16,8,64,1,1,4,2.3,0.000251,94.282,3.7020195819999997,14.749082000000001
412,8.116883116883116,20.434253246753247,45.624169676636306,101.86645107832531,1,4,4,64,4,2,1,3.8,0.001232,12.3,2.1410681599999997,1.7378799999999999
413,8.130081300813009,20.46747967479675,44.78085778061069,97.97616782473705,1,4,4,128,2,4,1,2.8,0.00123,12.574,2.22246855,1.806885
414,40.0,100.7,34.79239977202298,12.020964070469361,9,16,32,64,1,1,1,3.9,0.00025,95.055,3.6817277500000003,14.726911
415,8.116883116883116,20.434253246753247,42.161081606548485,86.98907568430343,1,128,256,64,8,1,1,3.9,0.001232,16.054,2.5072460336000004,2.0351023
416,8.116883116883116,20.434253246753247,45.62096061370449,101.85212164030828,1,32,4,64,2,1,1,3.9,0.001232,12.179,2.141369384,1.7381245
417,40.0,100.7,34.610633716360745,11.895689833645353,9,16,32,256,1,1,8,3.9,0.00025,97.615,3.72050025,14.882001
418,8.130081300813009,20.46747967479675,44.1471021145916,95.22259975741405,1,128,16,64,2,1,1,2.4,0.00123,12.795,2.2867360500000005,1.8591350000000002
419,8.116883116883116,20.434253246753247,45.78702367279786,102.59496696540414,1,4,4,64,2,1,1,3.3,0.001232,12.028,2.125864664,1.7255395
420,38.673910290063986,97.36156915523611,32.80742371305321,11.054947655698513,9,128,32,64,1,1,8,2.6,0.00025,101.7,3.8707255,15.482902
421,8.116883116883116,20.434253246753247,41.321022097215966,83.55709633920189,1,64,512,64,2,1,2,3.8,0.001232,16.356,2.610227312,2.118691
422,8.130081300813009,20.46747967479675,45.456155884560424,100.9534217515707,1,4,4,64,2,1,1,2.1,0.00123,12.028,2.1569249249999998,1.7535975
423,33.898305084745765,85.33898305084746,36.02551092626566,15.20802558339835,7,32,32,128,1,1,8,3.7,0.000295,76.635,3.43399883,11.640674
424,8.116883116883116,20.434253246753247,45.68837089173821,102.15334074283815,1,8,4,64,2,1,1,3.0,0.001232,12.047,2.1350551375999998,1.7329993
425,8.130081300813009,20.46747967479675,40.77993877408009,81.25101052209718,1,4,4,1024,2,1,1,2.4,0.00123,19.513,2.679953766,2.1788242
426,24.154589371980677,60.809178743961354,32.93258352802082,17.835384069181657,6,16,32,64,1,1,1,2.5,0.000414,64.001,4.1093093519999995,9.925868
427,8.116883116883116,20.434253246753247,45.777244714419936,102.55114822837218,1,16,4,64,2,1,1,3.9,0.001232,12.088,2.1267730175999997,1.7262768
428,8.130081300813009,20.46747967479675,45.648601703429534,101.81003575365919,1,4,4,64,2,1,1,2.6,0.00123,12.028,2.1387768899999995,1.738843
429,24.449877750611247,61.55256723716382,29.772120562433212,14.40036057909354,6,16,512,1024,1,1,1,3.9,0.000409,97.867,5.028065222,12.293557999999999
430,8.116883116883116,20.434253246753247,42.678631781038256,89.13786027345323,1,4,128,512,2,1,1,3.9,0.001232,15.634,2.446805592,1.9860435
431,8.116883116883116,20.434253246753247,45.93190842661859,103.24528066845251,1,4,4,64,1,1,1,3.9,0.001232,11.938,2.1124744256000003,1.7146708
432,17.49693241746839,44.048527360976664,15.652054063459637,5.561747715146121,9,64,32,64,1,16,8,3.6,0.000295,139.19,4.846694240000001,16.429472
433,8.116883116883116,20.434253246753247,45.73136223644306,102.3456774635531,1,4,4,64,2,2,1,3.9,0.001232,12.111,2.13104276,1.7297425
434,0.0,0.0,0.0,0.0,1,4,512,64,2,8,1,3.5,0.0,0.0,0.0,0.0
435,30.674846625766868,77.22392638036811,39.73374503407899,20.444058835559968,5,16,128,64,1,1,8,2.3,0.000326,57.541,2.8229386460000003,8.659321
436,8.116883116883116,20.434253246753247,45.77107259456424,102.52349626672745,1,4,4,64,2,1,2,3.4,0.001232,12.155,2.1273466368,1.7267424
437,8.116883116883116,20.434253246753247,44.689396910767826,97.7350222751823,1,4,4,256,2,1,1,3.9,0.001232,13.711,2.2315748224000003,1.8113432
438,40.0,100.7,34.563234093131676,11.863129602548362,9,4,32,512,1,1,8,3.9,0.00025,99.243,3.7307117499999998,14.922846999999999
439,8.116883116883116,20.434253246753247,45.662445765866,102.03744311781713,1,4,16,64,2,1,1,3.1,0.001232,12.085,2.1374802064,1.7349677
440,8.116883116883116,20.434253246753247,37.15971197858383,67.57497705724607,1,4,4,2048,2,4,8,3.9,0.001232,27.038,3.2275706848,2.6197814
441,24.154589371980677,60.809178743961354,33.05155473773922,17.96447992138445,6,16,32,64,1,1,2,3.9,0.000414,64.127,4.079779146,9.854539
442,8.130081300813009,20.46747967479675,44.47373040074921,96.63684670438869,1,4,128,64,2,1,1,2.1,0.00123,12.733,2.253270456,1.8319272000000002
443,8.116883116883116,20.434253246753247,45.80049608005765,102.6553510837335,1,4,4,64,4,1,1,3.9,0.001232,12.218,2.124614184,1.7245245
444,24.449877750611247,61.55256723716382,31.807140389113275,16.436262939849026,6,16,32,64,4,16,1,3.9,0.000409,90.96,4.405256382,10.770798
445,8.130081300813009,20.46747967479675,45.54256133290998,101.33758165231765,1,4,4,64,2,1,1,2.3,0.00123,12.028,2.148748254,1.7469498
446,8.116883116883116,20.434253246753247,40.81760798751065,81.5335457431904,1,512,4,64,2,1,1,3.8,0.001232,16.196,2.6750095679999997,2.171274
447,22.172949002217294,55.82039911308205,26.38427403963198,12.47088748305372,8,16,256,64,1,1,8,3.9,0.000451,97.653,6.402213345,14.195595
448,8.116883116883116,20.434253246753247,40.99899096914343,82.2597841080873,1,4,4,1024,2,1,1,3.9,0.001232,19.513,2.6513929904,2.1521047
449,8.130081300813009,20.46747967479675,44.36318702000826,96.1570449240851,1,128,4,64,1,1,1,2.6,0.00123,12.647,2.264513763,1.8410681
450,31.768511497751025,79.97722769558821,27.102548709451476,9.1844662251116,9,16,32,64,1,8,1,3.9,0.00025,112.21,3.8271362500000006,15.308545
451,8.130081300813009,20.46747967479675,45.31477017733373,100.32639234781436,1,4,4,128,2,1,2,2.6,0.00123,12.69,2.1704054790000002,1.7645573
452,8.116883116883116,20.434253246753247,45.418774579078075,100.95133202838585,1,4,64,64,2,1,1,3.9,0.001232,12.381,2.1604768416,1.7536338
453,12.53998688317372,31.56941697838984,10.09226699486276,3.226345711905863,9,16,32,64,16,16,1,3.9,0.00025,178.6,4.30048225,17.201929
454,0.5694514351554153,1.4335939880037583,1.8022385651900719,2.265679036769129,4,4,4096,2048,4,1,1,2.3,0.004016,209.11,71.762353792,17.869112
455,8.116883116883116,20.434253246753247,41.72315402854279,85.19134812847156,1,4,512,64,2,1,1,3.5,0.001232,15.85,2.5601545199999998,2.0780475
456,37.17472118959108,93.58736059479554,37.145742902822114,14.743510309866474,6,512,32,64,1,1,1,3.9,0.000269,88.549,3.2299986699999996,12.00743
457,8.116883116883116,20.434253246753247,43.63933214238502,93.1960315278946,1,256,4,64,2,1,1,3.9,0.001232,13.562,2.3402607536000004,1.8995623000000001
458,8.130081300813009,20.46747967479675,45.604526341131084,101.61352818441588,1,4,4,64,1,1,1,2.3,0.00123,11.938,2.1429130109999996,1.7422057
459,16.352587960570638,41.16764019073659,12.738061947415302,3.9414020678479535,9,16,32,8192,1,1,1,3.0,0.00025,156.4,4.59057125,18.362285
460,8.116883116883116,20.434253246753247,45.53252378052285,101.45762102431057,1,4,32,64,2,1,1,3.1,0.001232,12.177,2.1496957328,1.7448829000000001
461,0.0,0.0,0.0,0.0,1,4,4,64,1,8,1,3.9,0.0,0.0,0.0,0.0
462,13.42477362296828,33.79686759582265,9.771614035690517,2.825245286172792,9,512,512,64,1,1,8,2.4,0.000251,172.27,5.299674742,21.114242
463,8.130081300813009,20.46747967479675,44.98995272969354,98.89326281400885,1,4,4,128,2,2,1,2.3,0.00123,12.402,2.2018583009999997,1.7901287
464,8.116883116883116,20.434253246753247,44.73524744267167,97.93567396817085,1,64,64,64,1,1,1,3.2,0.001232,12.736,2.2270027472,1.8076321
465,17.921146953405017,45.11648745519714,31.029024330365857,21.340321580897534,5,16,32,64,1,1,1,2.4,0.000558,53.645,4.628968236,8.295642
466,8.116883116883116,20.434253246753247,43.28342996404158,91.68210292929405,1,32,4,512,2,1,1,3.9,0.001232,15.08,2.3789050208,1.9309294
467,8.116883116883116,20.434253246753247,45.897375339106155,103.09009277613303,1,8,4,64,1,1,1,3.9,0.001232,11.956,2.115654464,1.717252
468,22.534915584121723,56.731649983026436,18.752887087430057,6.198846221097351,9,16,32,64,1,16,1,3.4,0.00025,133.23,4.0223147500000005,16.089259000000002
469,8.130081300813009,20.46747967479675,45.5806500551549,101.50715635051064,1,4,4,64,2,1,1,2.4,0.00123,12.028,2.145158622,1.7440314000000001
470,8.130081300813009,20.46747967479675,45.72005061752035,102.12899007016507,1,4,8,64,1,1,1,2.7,0.00123,11.958,2.1320973750000003,1.7334125
471,33.07029597358257,83.25447011349412,27.908756738978035,9.355638221631125,9,16,32,2048,1,1,8,2.5,0.000251,109.76,3.942421609,15.706859000000001
472,8.116883116883116,20.434253246753247,39.979727525230416,78.220554169046,1,4,512,512,2,1,1,3.9,0.001232,18.748,2.7883082304000006,2.2632372000000003
473,8.116883116883116,20.434253246753247,45.6159574016943,101.8297827939372,1,4,4,128,1,1,1,3.9,0.001232,12.229,2.1418391456,1.7385058
474,40.0,100.7,34.541963888840456,11.848532962243874,9,16,32,64,1,4,2,2.3,0.00025,97.483,3.73530775,14.941231
475,8.116883116883116,20.434253246753247,43.29938093196821,91.7496894284395,1,64,4,64,1,8,1,3.9,0.001232,14.1,2.3771526240000003,1.929507
476,8.116883116883116,20.434253246753247,44.843485766012364,98.4101641182345,1,4,128,64,2,1,1,3.5,0.001232,12.733,2.2162651280000003,1.7989165
477,22.271714922049,56.069042316258354,44.622301687675,35.51246330684177,3,4,32,64,1,1,1,3.2,0.000449,32.741,2.2382907726,4.9850574
478,8.130081300813009,20.46747967479675,45.173576148140626,99.70216237833515,1,4,4,64,1,4,1,2.9,0.00123,12.192,2.183994273,1.7756051
479,8.130081300813009,20.46747967479675,41.2248200100549,83.03346635072691,1,4,512,64,1,1,2,2.3,0.00123,16.648,2.6224239599999994,2.132052
480,20.28337404941777,51.06339416940924,16.928808857200522,5.612329027186293,9,16,32,64,16,1,1,2.9,0.00025,140.43,3.9987850000000003,15.995140000000001
481,8.116883116883116,20.434253246753247,43.54546119451235,92.79552170295554,1,4,4,512,1,1,1,3.9,0.001232,14.839,2.3503614288,1.9077609
482,8.116883116883116,20.434253246753247,45.85401314966784,102.89539316852635,1,8,4,64,2,1,1,3.9,0.001232,12.047,2.1196577248,1.7205013999999998
483,40.0,100.7,34.630082238507015,11.909062520811904,9,16,32,64,1,1,1,2.3,0.00025,95.055,3.7163225,14.86529
484,8.116883116883116,20.434253246753247,45.79451631473888,102.62854723277421,1,4,4,64,1,1,1,3.1,0.001232,11.938,2.1251690768000002,1.7249749
485,8.116883116883116,20.434253246753247,45.66366437983333,102.04288942760202,1,32,4,64,1,1,1,3.9,0.001232,12.088,2.1373661232,1.7348751
486,5.016642161348957,12.629396641196001,3.916336246184612,1.2144435739035353,13,16,512,4096,1,4,2,2.2,0.000378,229.64,10.448894484,27.642578
487,8.130081300813009,20.46747967479675,45.52221579591905,101.24705942774075,1,4,4,64,1,1,1,2.1,0.00123,11.938,2.150669391,1.7485117000000001
488,8.116883116883116,20.434253246753247,45.62179398622123,101.85584280413633,1,4,4,64,2,1,4,3.9,0.001232,12.558,2.141291152,1.7380609999999999
489,40.0,100.7,34.901856327400026,12.096718719945118,9,16,16,64,1,1,1,3.9,0.00025,94.165,3.65867125,14.634685
490,8.130081300813009,20.46747967479675,45.705512648568366,102.06405085823971,1,4,4,64,1,1,1,2.6,0.00123,11.938,2.133453942,1.7345154
491,8.116883116883116,20.434253246753247,45.835399060934044,102.8118709162459,1,4,4,64,1,1,1,3.3,0.001232,11.938,2.1213796912,1.7218991
492,39.14205278206005,98.54011787883617,33.42708354644052,11.339238662111404,9,16,128,64,1,1,4,3.4,0.00025,101.09,3.8193607500000004,15.277443000000002
493,8.130081300813009,20.46747967479675,45.78678730507005,102.42735915850089,1,4,4,64,1,1,1,2.9,0.00123,11.938,2.1258866129999996,1.7283631
494,8.116883116883116,20.434253246753247,44.66419609299852,97.62482575431466,1,128,4,64,1,1,1,3.7,0.001232,12.647,2.2340937696,1.8133877999999999
495,36.36363636363637,91.54545454545455,40.57477176284966,17.983548301569773,6,16,16,64,1,1,8,3.9,0.000275,64.24,2.70712475,9.84409
496,8.116883116883116,20.434253246753247,45.696788528419795,102.19098572358682,1,4,4,64,1,2,1,3.5,0.001232,12.02,2.1342686287999997,1.7323609
497,8.116883116883116,20.434253246753247,45.19521270051789,99.9599655724928,1,4,4,64,2,1,8,3.9,0.001232,12.864,2.1819036624,1.7710257
498,40.0,100.7,34.5684905880278,11.86673824761238,9,16,32,512,1,1,1,3.9,0.00025,97.943,3.7295772499999997,14.918308999999999
499,7.936507936507937,19.98015873015873,32.36337152762594,52.4213961851157,2,4,4,64,2,1,1,3.9,0.00126,22.28,4.25513088,3.3770879999999996
500,8.116883116883116,20.434253246753247,45.45664467166201,101.1197482899968,1,4,4,64,1,4,1,3.9,0.001232,12.192,2.1568785392000005,1.7507131
501,14.245014245014245,35.86182336182336,30.971600543476807,26.748222770118545,4,16,32,64,1,1,1,3.9,0.000702,43.285,4.646149092,6.618446
502,8.116883116883116,20.434253246753247,45.83887990433321,102.82748703908418,1,8,4,64,2,1,1,3.8,0.001232,12.047,2.1210575232,1.7216376
503,8.130081300813009,20.46747967479675,45.00193805843332,98.94596018623774,1,64,4,64,1,1,1,2.3,0.00123,12.318,2.200685619,1.7891753000000001
