,Unnamed: 0,latency,Area,energy,power,core,l1i_size,l1d_size,l2_size,l1i_assoc,l1d_assoc,l2_assoc,clock_rate,best_reward
0,0,0.00126,82.185,9.32794632,7.403132,2,4,256,8192,2,2,8,3.7,7.936508
1,1,0.001232,73.02,7.20620824,5.849195,1,16,128,8192,2,1,16,3.7,14.294719888888888
2,2,0.000317,1022.5,23.409183268,73.846004,8,2048,4096,32768,16,4,16,3.5,15.69004722222222
3,3,0.0,0.0,0.0,0.0,12,32,256,128,16,1,16,2.0,23.642328999999997
4,4,0.004028,44.629,26.640479044000003,6.613823,4,32,4,64,4,1,4,3.2,23.96077822222222
5,5,0.000413,623.5,25.008859820000005,60.55414,14,4096,8,4096,4,16,2,2.4,23.96077822222222
6,6,0.000449,545.22,16.075580226000003,35.803074,3,2048,128,65536,16,4,4,3.9,23.96077822222222
7,7,0.0,0.0,0.0,0.0,7,512,4096,16384,4,4,2,2.7,23.96077822222222
8,8,0.000413,427.2,18.578540680000003,44.98436,14,2048,128,2048,16,16,16,2.3,23.96077822222222
9,9,0.00038,347.71,14.53649074,38.253923,13,16,2048,512,4,1,16,3.1,23.96077822222222
10,10,0.000326,606.7,12.608521396,38.676446,5,4,8,32768,8,1,16,3.8,23.96077822222222
11,11,0.000319,543.91,15.816886084999998,49.582715,11,4096,256,2048,8,8,4,3.7,23.96077822222222
12,12,0.000379,169.9,8.589635913,22.663947,13,8,8,2048,2,8,1,3.7,23.96077822222222
13,13,0.004025,99.079,41.294531775,10.259511,4,32,1024,2048,16,4,4,2.9,23.96077822222222
14,14,0.00038,895.06,26.167788,68.8626,13,128,2048,32768,4,1,16,3.2,23.96077822222222
15,15,0.004023,334.44,110.400336693,27.442291,4,4096,4096,256,8,4,4,2.9,23.96077822222222
16,16,0.000473,453.47,20.172832735000004,42.648695,16,256,128,32768,2,4,8,3.7,23.96077822222222
17,17,0.000317,122.09,4.7865291370000005,15.099461,8,64,8,4096,4,4,2,2.9,24.251644444444384
18,18,0.00126,53.525,8.11690362,6.441987,2,2048,128,128,4,1,4,2.2,24.251644444444384
19,19,0.000471,329.78,16.071691377000004,34.12248700000001,16,16,16,16384,4,8,4,2.7,27.315386333333308
20,20,0.000439,200.85,8.699377211,19.816349,7,1024,256,4096,16,2,16,3.5,27.315386333333308
21,21,0.000379,292.98,11.658591445,30.761455,13,256,32,16384,4,8,1,3.5,27.315386333333308
22,22,0.00126,450.61,38.59110108000001,30.627858000000003,2,64,32,65536,16,8,1,3.8,27.315386333333308
23,23,0.000317,388.87,10.751372634000004,33.916002000000006,8,32,4096,128,4,1,1,3.2,28.428146888888836
24,24,0.000319,145.45,6.156628543999999,19.299776,11,64,64,128,8,2,8,2.7,28.428146888888836
25,25,0.000449,42.945,2.479320528,5.521872,3,64,64,256,8,4,4,2.8,28.428146888888836
26,26,0.000449,99.07,4.591571433,10.226217,3,256,2048,1024,8,8,2,2.4,28.428146888888836
27,27,0.000445,79.045,5.312967585,11.939253,7,64,64,64,2,1,4,2.3,28.428146888888836
28,28,0.000318,428.1,12.074435196,37.969922,8,128,4096,8192,16,4,16,2.6,28.428146888888836
29,29,0.000409,229.29,8.552875075000001,20.911675,6,512,512,16384,8,4,1,3.2,28.428146888888836
30,30,0.004022,88.408,38.74843064000001,9.63412,4,32,1024,1024,4,2,2,2.7,28.428146888888836
31,31,0.000319,113.54,4.760255808,14.922432,8,64,256,128,8,2,1,2.3,29.053936111111195
32,32,0.000318,1394.3,23.656323053999994,74.390953,8,128,2048,65536,16,4,16,2.1,30.13011244444442
33,33,0.000439,364.11,13.927401431999998,31.725288,7,4096,128,2048,16,1,1,2.7,30.13011244444442
34,34,0.000446,265.24,14.197661612,31.833322,15,512,128,1024,8,4,4,3.3,30.13011244444442
35,35,0.000413,775.51,28.814400825,69.768525,14,4096,1024,2048,16,2,16,3.6,30.13011244444442
36,36,0.000449,326.6,10.159398626999998,22.626723,3,2048,128,32768,16,4,2,2.3,30.13011244444442
37,37,0.000319,247.4,8.0442868,25.2172,11,256,32,8192,16,2,16,2.3,30.13011244444442
38,38,0.000449,40.466,2.543569285,5.664965,3,64,256,256,2,1,4,2.2,30.13011244444442
39,39,0.00038,216.69,9.76005946,25.684367,13,8,128,8192,2,4,4,3.0,30.13011244444442
40,40,0.000345,654.2,16.903039364999998,48.994317,12,32,128,65536,8,16,2,3.2,30.13011244444442
41,41,0.00126,41.578,5.86699092,4.656342,2,512,16,256,16,1,1,2.4,30.13011244444442
42,42,0.000449,60.098,3.271223624,7.285576,3,512,512,256,1,1,1,3.0,30.13011244444442
43,43,0.000326,87.892,3.5124436420000005,10.774367000000002,5,4,512,2048,2,4,4,2.9,30.13011244444442
44,44,0.000282,279.8,8.660114814000002,30.709627,10,2048,32,1024,8,2,4,2.0,30.13011244444442
45,45,0.000446,720.32,24.29293093,54.468455,15,128,128,65536,16,1,8,3.9,30.13011244444442
46,46,0.000449,93.644,4.678910913,10.420737,3,2048,128,2048,4,2,16,3.6,30.13011244444442
47,47,0.0,0.0,0.0,0.0,14,64,4,512,8,16,16,3.7,30.13011244444442
48,48,0.00126,124.03,13.627482120000002,10.815462,2,4096,32,4096,1,8,1,3.2,30.13011244444442
49,49,0.001232,74.193,7.379523536,5.989872999999999,1,2048,512,4096,16,1,8,3.0,30.13011244444442
50,50,0.000325,323.08,8.4756542,26.078936,5,4096,128,8192,16,4,4,3.6,30.13011244444442
51,51,0.000319,350.47,10.960036439,34.357481,11,32,2048,1024,8,16,4,3.1,30.453802333333645
52,52,0.000439,111.71,6.317493594,14.390646,7,128,512,256,8,1,2,2.4,30.53386533333348
53,53,0.000318,535.01,12.697030859999998,39.92777,8,32,128,65536,4,4,2,2.4,30.53386533333348
54,54,0.004028,524.0,134.18202294600002,33.3123195,4,128,8,65536,8,1,8,3.7,30.53386533333348
55,55,0.000449,90.94,6.144987958000001,13.685942,8,8,128,256,1,1,1,2.5,40.2117691761388
56,56,0.00025,774.9,14.59230875,58.369235,9,2048,1024,65536,2,4,8,3.2,40.2117691761388
57,57,0.000413,426.98,18.083213673,43.785021,14,2048,128,256,16,8,2,3.1,49.132277484082294
58,58,0.004025,493.32,132.466304075,32.910883000000005,4,16,4,65536,4,8,2,3.1,49.132277484082294
59,59,0.000319,269.09,8.849045645,27.739955,11,64,256,16384,2,2,16,2.8,49.132277484082294
60,60,0.000319,229.79,7.953862103,24.933737,11,16,32,16384,1,1,1,3.9,49.132277484082294
61,61,0.000319,144.32,6.080564270000001,19.06133,11,8,32,512,8,1,16,3.0,49.132277484082294
62,62,0.0,0.0,0.0,0.0,6,8,1024,512,2,16,8,3.6,49.132277484082294
63,63,0.000439,350.77,13.324737403,30.352477,7,16,4096,2048,2,4,1,3.3,49.132277484082294
64,64,0.000439,447.94,16.589370561,37.788999,7,4096,32,16384,1,8,16,2.5,49.132277484082294
65,65,0.000455,74.462,5.2546312,11.54864,7,32,4,64,2,1,1,2.4,49.132277484082294
66,66,0.0,0.0,0.0,0.0,9,4,64,1024,4,16,8,3.1,49.132277484082294
67,67,0.000295,246.02,7.034720155000001,23.846509,9,1024,128,1024,16,1,2,3.6,49.132277484082294
68,68,0.000642,142.68,7.055300088,10.989564,2,256,256,16384,2,1,1,2.0,49.132277484082294
69,69,0.00126,163.48,16.579155600000004,13.15806,2,512,4,16384,1,1,16,3.0,49.132277484082294
70,70,0.000449,44.083,2.6420731500000003,5.88435,3,4,256,1024,4,1,8,2.8,49.132277484082294
71,71,0.000243,1293.2,16.170659774999997,66.545925,9,128,128,65536,4,1,16,2.0,49.132277484082294
72,72,0.000473,298.27,15.721389057,33.237609,16,32,512,1024,16,4,4,3.8,49.132277484082294
73,73,0.001256,181.89,17.469152616,13.908561,2,1024,4096,8192,16,1,4,3.1,49.132277484082294
74,74,0.000438,79.47,5.2521587400000005,11.99123,7,64,32,512,1,1,1,2.3,49.132277484082294
75,75,0.00123,239.94,20.912820390000004,17.002293,1,2048,4,32768,4,2,1,2.1,49.132277484082294
76,76,0.00123,166.25,14.46181233,11.757571,1,32,4096,16384,4,8,1,2.1,49.132277484082294
77,77,0.000439,96.015,5.511740702,12.555218,7,64,128,64,8,4,8,2.9,49.132277484082294
78,78,0.000446,385.43,20.085167568,45.034008,15,2048,32,1024,2,8,16,2.3,49.132277484082294
79,79,0.0,0.0,0.0,0.0,1,16,4,1024,8,1,2,2.1,49.132277484082294
80,80,0.000295,450.16,11.37541771,38.560738,9,32,4096,512,1,8,2,3.9,50.84975891839497
81,81,0.000381,556.01,19.642995258,51.556418,13,64,2048,32768,1,2,1,2.5,50.84975891839497
82,82,0.000318,123.76,4.920942516,15.474662,8,256,8,2048,8,1,8,2.7,50.84975891839497
83,83,0.000449,77.897,4.163547815000001,9.272935,3,2048,32,256,2,2,2,2.8,50.84975891839497
84,84,0.000379,254.24,10.161481563,26.811297,13,32,256,2048,8,16,16,3.1,50.84975891839497
85,85,0.000318,145.91,5.224393062,16.428909,8,256,256,64,16,2,8,2.8,50.84975891839497
86,86,0.000439,199.67,8.471978723,19.298357,7,4,1024,8192,4,4,2,3.0,50.84975891839497
87,87,0.001256,1217.4,68.670383232,54.673872,2,128,512,65536,2,4,16,3.3,50.84975891839497
88,88,0.000471,317.0,16.705878276000004,35.468956000000006,16,128,64,16384,4,1,16,3.0,50.84975891839497
89,89,0.000446,156.92,10.891435514,24.420259,15,8,4,512,1,1,1,2.9,50.84975891839497
90,90,0.000439,133.0,7.076945595,16.120605,7,1024,4,512,1,2,4,2.5,50.84975891839497
91,91,0.0,0.0,0.0,0.0,8,128,4,256,16,4,2,3.7,50.84975891839497
92,92,0.000345,132.21,6.859567725,19.882805,12,64,8,256,2,4,2,3.9,50.84975891839497
93,93,0.000471,381.34,17.795736951,37.782881,16,512,256,1024,16,16,2,2.6,50.84975891839497
94,94,0.000439,224.73,9.820687693,22.370587,7,256,2048,128,2,16,2,2.4,50.84975891839497
95,95,0.000449,182.51,6.082005381,13.545669,3,64,64,16384,16,1,16,2.9,59.319825503215824
96,96,0.000319,379.21,10.3088997,32.3163,11,64,128,32768,1,2,8,3.9,59.319825503215824
97,97,0.000642,1212.5,34.689403638,54.033339000000005,2,4,16,65536,8,2,16,2.2,59.319825503215824
98,98,0.000473,321.26,17.474696943,36.944391,16,512,256,8192,2,8,2,3.8,59.319825503215824
99,99,0.000439,106.6,5.733418581,13.060179,7,64,64,2048,8,1,4,3.8,59.319825503215824
100,100,0.0,0.0,0.0,0.0,12,4,256,64,1,1,16,3.5,59.319825503215824
101,101,0.000243,667.81,11.388456954,46.866078,9,256,8,32768,8,2,16,2.0,60.68105150756443
102,102,0.00038,159.16,8.82696072,23.228844,13,128,128,512,4,1,8,2.5,60.68105150756443
103,103,0.0,0.0,0.0,0.0,8,8,4,2048,16,4,1,2.4,60.68105150756443
104,104,0.000439,225.15,9.324763002,21.240918,7,128,512,16384,8,4,1,2.8,60.68105150756443
105,105,0.000345,369.96,11.432093534999998,33.136503,12,32,128,32768,4,1,2,3.3,60.68105150756443
106,106,0.000471,620.98,28.829602908,61.209348,16,2048,128,32768,1,4,1,2.9,60.68105150756443
107,107,0.000326,221.76,7.250838862,22.241837,5,4096,4,1024,2,16,16,2.8,60.68105150756443
108,108,0.0,0.0,0.0,0.0,15,1024,128,128,2,8,16,3.8,60.68105150756443
109,109,0.000439,128.82,6.0285578420000006,13.732478,7,128,32,2048,16,1,2,2.4,60.68105150756443
110,110,0.0,0.0,0.0,0.0,7,4096,4096,32768,4,16,4,2.8,60.68105150756443
111,111,0.000319,980.5,23.395870234000004,73.34128600000001,11,128,4096,65536,8,4,2,3.2,60.68105150756443
112,112,0.000319,335.18,11.456362478,35.913362,11,512,2048,512,1,4,4,3.0,60.68105150756443
113,113,0.000413,353.2,16.842771064,40.781528,14,16,2048,64,16,1,1,2.2,60.68105150756443
114,114,0.000319,146.03,6.47217824,20.28896,11,8,256,2048,4,1,1,3.6,60.68105150756443
115,115,0.0,0.0,0.0,0.0,1,4,32,4096,4,8,1,3.3,60.68105150756443
116,116,0.00025,154.02,4.2625875,17.05035,9,64,4,2048,4,16,2,3.9,60.68105150756443
117,117,0.000439,113.45,5.625395607,12.814113,7,16,128,64,16,1,8,3.5,60.68105150756443
118,118,0.000473,308.66,17.733311585,37.491145,16,64,1024,2048,8,4,16,3.7,60.68105150756443
119,119,0.000409,272.9,10.024095519,24.508791,6,16,2048,16384,8,1,1,3.6,60.68105150756443
120,120,0.001232,25.699,3.21402312,2.608785,1,128,256,1024,1,8,2,3.9,60.68105150756443
121,121,0.000449,143.5,6.1214908900000005,13.63361,3,4096,64,128,8,4,1,2.7,60.68105150756443
122,122,0.000413,177.8,10.46506895,25.33915,14,256,32,1024,2,2,4,3.3,60.68105150756443
123,123,0.000439,178.83,9.087546279,20.700561,7,2048,64,128,4,4,2,2.6,60.68105150756443
124,124,0.001256,276.75,25.479872888,20.286523,2,2048,256,32768,16,4,1,3.3,60.68105150756443
125,125,0.000319,546.67,14.705833329,46.099791,11,32,256,65536,4,1,1,3.3,60.68105150756443
126,126,0.000445,111.34,5.91005657,13.281026,7,64,128,256,8,8,16,2.2,60.68105150756443
127,127,0.00025,239.36,6.9449742500000005,27.779897,9,2048,256,256,1,1,8,2.6,60.68105150756443
128,128,0.000413,244.33,11.021442725999998,26.686302,14,4,32,4096,16,1,16,3.5,60.68105150756443
129,129,0.000318,124.01,5.141551836,16.168402,8,64,512,64,1,4,4,2.4,60.68105150756443
130,130,0.0,0.0,0.0,0.0,11,4,128,4096,2,16,2,2.9,60.68105150756443
131,131,0.000449,101.68,4.541693819,10.115131,3,2048,128,1024,16,1,2,3.8,60.68105150756443
132,132,0.000345,306.8,12.204450899999998,35.37522,12,2048,4,1024,1,4,4,3.7,60.68105150756443
133,133,0.000319,186.18,7.29356496,22.86384,11,128,256,4096,8,1,16,3.1,60.68105150756443
134,134,0.0,0.0,0.0,0.0,15,8,2048,64,8,1,16,3.9,60.68105150756443
135,135,0.00025,266.5,6.6260705,26.504282,9,512,1024,4096,1,1,4,2.9,60.68105150756443
136,136,0.000439,376.99,14.726567128999998,33.545711,7,4096,512,4096,8,1,4,3.0,60.68105150756443
137,137,0.000449,125.61,6.004248010000001,13.37249,3,2048,2048,256,4,1,8,2.1,60.68105150756443
138,138,0.00126,263.86,21.62075832,17.159332,2,128,8,32768,2,1,4,3.7,60.68105150756443
139,139,0.000409,112.88,5.180529379,12.666331,6,64,512,256,16,4,8,3.8,60.68105150756443
140,140,0.000446,230.57,12.889050782,28.899217,15,32,128,8192,1,1,2,2.8,60.68105150756443
141,141,0.000413,201.2,10.533972631,25.505987,14,32,128,2048,8,4,2,3.1,60.68105150756443
142,142,0.000319,133.55,6.2593047550000005,19.621645,11,256,32,256,1,2,1,3.9,60.68105150756443
143,143,0.0,0.0,0.0,0.0,7,16,256,64,8,1,16,3.7,60.68105150756443
144,144,0.0,0.0,0.0,0.0,1,128,4,256,8,1,2,2.7,60.68105150756443
145,145,0.000319,201.6,7.268387247,22.784913,11,256,256,512,16,2,2,2.2,60.68105150756443
146,146,0.000295,135.68,4.84251881,16.415318,9,32,128,64,8,8,2,3.7,60.68105150756443
147,147,0.000439,136.57,6.627234434,15.096206,7,4,16,8192,4,1,1,3.7,60.68105150756443
148,148,0.000449,275.56,8.197815958,18.257942,3,128,64,32768,8,1,2,2.0,60.68105150756443
149,149,0.000319,302.59,9.418026167,29.523593,11,512,4,16384,2,16,1,3.7,60.68105150756443
150,150,0.000251,281.85,7.185564998999999,28.627749,9,2048,128,1024,16,1,4,2.5,60.68105150756443
151,151,0.000335,65.221,2.965173775,8.851265,5,16,32,256,1,8,4,2.3,60.68105150756443
152,152,0.000379,377.71,12.928158065,34.111235,13,32,32,32768,4,4,2,3.9,60.68105150756443
153,153,0.001232,59.17,6.208321504000001,5.0392220000000005,1,2048,4,4096,2,1,2,3.6,60.68105150756443
154,154,0.000439,222.95,8.778400722999999,19.996357,7,64,8,16384,4,8,16,3.7,60.68105150756443
155,155,0.000449,57.893,3.180354555,7.083195,3,64,1024,256,8,1,1,2.9,60.68105150756443
156,156,0.0,0.0,0.0,0.0,12,128,4,64,8,4,4,2.4,60.68105150756443
157,157,0.0,0.0,0.0,0.0,14,4,128,64,16,4,16,2.3,60.68105150756443
158,158,0.000439,191.1,9.408509276,21.431684,7,2048,64,2048,4,1,1,3.6,60.68105150756443
159,159,0.0,0.0,0.0,0.0,3,32,4,64,4,8,16,2.8,60.68105150756443
160,160,0.000471,338.63,15.328539570000002,32.54467,16,64,128,1024,16,16,8,2.3,60.68105150756443
161,161,0.000379,659.23,21.898467642,57.779598,13,4096,64,2048,16,1,16,3.9,60.68105150756443
162,162,0.000319,137.31,6.352595667,19.914093,11,64,256,256,1,1,2,2.8,60.68105150756443
163,163,0.000409,80.001,4.571111199000001,11.176311,6,64,128,1024,1,1,16,2.7,60.68105150756443
164,164,0.000345,197.92,8.04080322,23.306676,12,32,4,8192,4,1,4,2.8,60.68105150756443
165,165,0.000319,232.76,7.305913131,22.902549,11,4,32,8192,16,2,1,3.9,60.68105150756443
166,166,0.000439,94.487,5.496561838,12.520642,7,128,32,256,4,8,1,2.5,60.68105150756443
167,167,0.000473,238.44,14.867360596,31.432052,16,16,512,64,4,2,2,3.7,60.68105150756443
168,168,0.000413,325.69,14.958712972000002,36.219644,14,1024,256,2048,4,1,8,3.9,60.68105150756443
169,169,0.000319,375.52,10.205911507,31.993453,11,128,8,32768,1,4,8,3.9,60.68105150756443
170,170,0.0,0.0,0.0,0.0,2,256,128,128,2,8,16,2.2,60.68105150756443
171,171,0.000471,311.48,16.276335696,34.556976,16,32,128,16384,1,1,8,2.5,60.68105150756443
172,172,0.000445,163.3,7.706426784999999,17.317812999999997,7,512,512,1024,16,1,4,2.2,60.68105150756443
173,173,0.000345,256.51,8.391775514999999,24.323987,12,128,64,1024,16,16,1,3.5,60.68105150756443
174,174,0.000319,206.18,7.290715652,22.854908,11,256,256,1024,16,1,1,3.3,60.68105150756443
175,175,0.000326,108.78,3.877089638,11.892913,5,32,1024,128,2,8,8,3.9,60.68105150756443
176,176,0.000325,1413.0,23.2027276,71.393008,5,32,4096,65536,16,1,16,3.9,60.68105150756443
177,177,0.0,0.0,0.0,0.0,11,4096,4,128,4,8,16,2.3,60.68105150756443
178,178,0.000413,153.49,9.554919787,23.135399,14,64,4,128,4,1,2,3.4,60.68105150756443
179,179,0.000379,270.52,11.470167805,30.264295,13,4,1024,256,16,4,4,3.7,60.68105150756443
180,180,0.000439,154.08,7.193340299,16.385741,7,512,128,2048,8,16,16,3.0,60.68105150756443
181,181,0.000319,287.5,10.321742002,32.356558,11,16,2048,1024,16,1,2,3.7,60.68105150756443
182,182,0.000409,75.813,4.431011521,10.833769,6,32,128,512,1,4,16,2.4,60.68105150756443
183,183,0.000326,70.252,3.016048332,9.251682,5,32,32,2048,2,4,2,2.8,60.68105150756443
184,184,0.00025,257.44,7.03154025,28.126161,9,2048,64,2048,8,1,1,2.3,60.68105150756443
185,185,0.00025,484.45,10.06522775,40.260911,9,2048,128,32768,4,2,8,3.9,60.68105150756443
186,186,0.000449,157.39,5.842248361,13.011689,3,32,2048,8192,8,16,2,3.1,60.68105150756443
187,187,0.000326,155.61,5.404972746,16.579671,5,2048,256,2048,8,1,4,3.7,60.68105150756443
188,188,0.000449,152.56,5.60434616,12.48184,3,64,256,16384,1,1,1,2.5,60.68105150756443
189,189,0.0,0.0,0.0,0.0,3,4,8,128,4,8,1,3.0,60.68105150756443
190,190,0.000439,81.264,5.314756573,12.106507,7,64,128,128,2,1,1,3.9,60.68105150756443
191,191,0.000319,122.38,5.882156797,18.439363,11,64,8,256,4,1,1,2.3,60.68105150756443
192,192,0.000449,200.87,7.292101240000001,16.24076,3,8,4096,8192,1,1,8,3.9,60.68105150756443
193,193,0.000319,1474.1,26.338035944,82.564376,11,4,2048,65536,4,1,16,2.6,60.68105150756443
194,194,0.000319,127.1,6.06490456,19.01224,11,64,128,128,2,1,4,3.3,60.68105150756443
195,195,0.000441,156.35,10.704964977,24.274297,15,16,8,128,1,2,1,3.8,60.68105150756443
196,196,0.000439,136.71,6.51407516,14.83844,7,512,32,128,8,16,4,3.7,60.68105150756443
197,197,0.000378,597.62,20.726150886000003,54.831087,13,32,4096,1024,16,1,2,2.4,60.68105150756443
198,198,0.000439,369.62,14.220177556,32.392204,7,4096,128,4096,8,2,8,3.5,60.68105150756443
199,199,0.000345,131.81,6.812242004999999,19.745629,12,4,4,256,4,4,4,2.2,60.68105150756443
200,200,0.000319,179.9,7.151073401999999,22.417158,11,128,256,4096,2,1,8,2.6,60.68105150756443
201,201,0.000318,149.01,5.293736142,16.646969000000002,8,4,512,256,16,4,16,3.9,60.68105150756443
202,202,0.00038,161.31,8.91518456,23.461012,13,64,256,256,4,1,2,2.9,60.68105150756443
203,203,0.00126,439.11,38.14464402,30.273527,2,128,128,65536,4,1,1,3.9,60.68105150756443
204,204,0.00038,351.69,13.22524222,34.803269,13,32,8,32768,1,4,1,3.0,60.68105150756443
205,205,0.000445,115.8,6.57921909,14.784762,7,32,512,2048,2,1,8,2.2,60.68105150756443
206,206,0.000446,232.71,12.49548388,28.01678,15,64,32,4096,4,8,8,3.3,60.68105150756443
207,207,0.000326,99.559,3.467823044,10.637494,5,64,64,4096,8,4,1,3.9,60.68105150756443
208,208,0.000409,86.09,4.771796865000001,11.666985,6,256,128,1024,2,2,4,2.0,60.68105150756443
209,209,0.0,0.0,0.0,0.0,7,32,4,8192,16,1,2,2.2,60.68105150756443
210,210,0.000473,211.63,13.259347904,28.032448,16,4,128,512,8,1,8,3.3,60.68105150756443
211,211,0.000317,207.01,7.618316131,24.032543,8,2048,64,256,1,8,16,3.7,60.68105150756443
212,212,0.000449,83.828,3.945658891,8.787659,3,512,1024,256,4,16,16,3.6,60.68105150756443
213,213,0.000409,355.56,12.008182740000002,29.35986,6,128,4096,8192,8,1,1,3.6,60.68105150756443
214,214,0.000243,197.2,5.171718213,21.282791,9,16,512,8192,4,1,2,2.0,60.68105150756443
215,215,0.000413,186.5,10.031045598,24.288246,14,4,32,1024,8,2,16,3.7,60.68105150756443
216,216,0.000251,101.34,3.824270638,15.236138,9,64,8,512,1,1,8,2.5,60.68105150756443
217,217,0.000833,35.451,4.343097899,5.213803,3,64,4,256,1,4,1,2.0,60.68105150756443
218,218,0.000471,259.94,13.964012064,29.647584,16,64,128,64,16,1,1,2.6,60.68105150756443
219,219,0.00038,172.99,8.76241012,23.058974,13,32,128,256,8,1,8,2.7,60.68105150756443
220,220,0.000282,466.4,12.519209520000002,44.394360000000006,10,4096,256,1024,4,1,1,2.1,60.68105150756443
221,221,0.000449,92.138,3.901151317,8.688533,3,32,1024,4096,4,1,2,3.8,60.68105150756443
222,222,0.000326,146.66,5.457718242,16.741467,5,2048,512,64,4,1,1,2.3,60.68105150756443
223,223,0.000455,251.64,10.55503267,23.197874,7,64,1024,16384,4,1,1,2.2,60.68105150756443
224,224,0.000449,164.12,6.829211874,15.209826,3,2048,2048,4096,4,8,8,3.1,60.68105150756443
225,225,0.000471,439.84,22.922652492,48.668052,16,2048,64,512,8,4,16,2.3,60.68105150756443
226,226,0.000449,175.56,6.480508147,14.433203,3,1024,256,16384,4,4,1,3.0,60.68105150756443
227,227,0.000282,150.7,5.456700564,19.350002,10,128,128,4096,1,1,2,3.7,60.68105150756443
228,228,0.000326,302.9,8.010069390000002,24.570765,5,32,4096,8192,1,1,2,2.5,60.68105150756443
229,229,0.000439,97.322,5.546394045,12.634155,7,64,128,512,8,2,1,3.7,60.68105150756443
230,230,0.00038,783.03,25.923443060000004,68.219587,13,4096,1024,8192,1,1,1,2.9,60.68105150756443
231,231,0.000345,607.81,17.164867455,49.753239,12,128,128,65536,2,16,1,2.0,60.68105150756443
232,232,0.000446,226.4,12.430054788,27.870078000000003,15,64,64,4096,1,8,4,3.6,60.68105150756443
233,233,0.0,0.0,0.0,0.0,16,1024,128,128,8,2,16,2.9,60.68105150756443
234,234,0.000318,209.57,7.622371277999999,23.969721,8,128,2048,256,16,1,1,2.3,60.68105150756443
235,235,0.000318,222.63,7.79630742,24.51669,8,2048,128,256,8,8,4,3.9,60.68105150756443
236,236,0.000319,257.18,8.915344372,27.947788,11,1024,128,128,8,1,4,2.3,60.68105150756443
237,237,0.000449,54.754,3.03723805,6.76445,3,512,128,1024,1,8,1,3.5,60.68105150756443
238,238,0.000439,108.2,6.1237159210000005,13.949239,7,32,512,64,1,4,8,3.9,60.68105150756443
239,239,0.00084,47.707,5.378546040000001,6.403031,3,512,128,128,1,1,2,2.5,60.68105150756443
240,240,0.00025,217.52,5.44256425,21.770257,9,256,128,8192,16,1,16,3.1,60.68105150756443
241,241,0.000319,137.31,6.342263895,19.881705,11,64,256,256,1,1,2,3.1,60.68105150756443
242,242,0.000318,207.0,7.71231408,24.25256,8,2048,128,128,4,4,4,2.0,60.68105150756443
243,243,0.000409,185.85,8.129722039,19.877071,6,2048,128,4096,1,1,2,2.3,60.68105150756443
244,244,0.0,0.0,0.0,0.0,11,1024,4,128,16,4,1,3.7,60.68105150756443
245,245,0.000318,102.98,4.383991883999999,13.786138,8,64,8,512,8,2,2,3.9,60.68105150756443
246,246,0.000318,233.93,8.024741448,25.235036,8,2048,256,1024,8,1,4,3.9,60.68105150756443
247,247,0.00025,97.485,3.73800925,14.952037,9,32,32,128,2,1,4,2.7,60.68105150756443
248,248,0.000319,347.07,11.198662156,35.105524,11,2048,128,2048,16,1,8,2.7,60.68105150756443
249,249,0.000449,246.79,9.578020405999998,21.331894,3,4096,4096,1024,1,16,1,3.3,60.68105150756443
250,250,0.000439,89.217,5.493440548,12.513532,7,64,128,1024,4,1,1,3.9,60.68105150756443
251,251,0.000345,142.59,7.195119554999999,20.855419,12,64,128,512,1,4,4,3.7,60.68105150756443
252,252,0.000317,155.3,5.341480115,16.850095,8,256,128,2048,16,1,16,3.7,60.68105150756443
253,253,0.000319,218.21,8.141980231,25.523449000000003,11,64,1024,256,2,4,1,2.0,60.68105150756443
254,254,0.000413,313.97,13.632954888,33.009576,14,128,512,8192,16,1,8,3.4,60.68105150756443
255,255,0.000413,295.0,12.918400873,31.279421,14,512,128,2048,16,1,2,2.7,60.68105150756443
256,256,0.0,0.0,0.0,0.0,16,64,128,128,1,1,16,2.5,60.68105150756443
257,257,0.000409,480.04,14.93758389,36.52221,6,16,64,65536,4,1,1,3.9,60.68105150756443
258,258,0.000413,213.16,11.547208659,27.959343,14,64,512,128,4,1,4,3.9,60.68105150756443
259,259,0.001232,33.164,4.027208416,3.268838,1,1024,128,1024,16,4,1,3.0,60.68105150756443
260,260,0.000319,561.68,14.215834654999998,44.563745,11,64,4,65536,2,4,2,2.2,60.68105150756443
261,261,0.000449,87.123,4.396756619,9.792331,3,2048,128,1024,1,1,2,2.9,60.68105150756443
262,262,0.0,0.0,0.0,0.0,3,4,128,8192,8,16,1,2.8,60.68105150756443
263,263,0.000345,299.65,10.631110485,30.814813,12,128,1024,4096,2,8,8,3.0,60.68105150756443
264,264,0.00025,165.49,5.145779500000001,20.583118,9,64,1024,128,8,1,2,3.1,60.68105150756443
265,265,0.000471,419.83,19.081572132,40.512892,16,128,8,32768,4,1,4,2.8,60.68105150756443
266,266,0.000318,119.63,5.144278686,16.176977,8,512,64,64,2,1,1,2.4,60.68105150756443
267,267,0.000449,347.71,11.918909295,26.545455,3,4096,32,32768,1,2,1,3.8,60.68105150756443
268,268,0.0,0.0,0.0,0.0,2,256,4,8192,8,1,4,3.9,60.68105150756443
269,269,0.000446,256.42,13.961363676,31.303506,15,512,128,64,8,1,2,3.9,60.68105150756443
270,270,0.000471,559.85,23.40771561,49.69791,16,128,1024,16384,1,16,16,2.1,60.68105150756443
271,271,0.000413,225.4,10.842406400000002,26.2528,14,128,32,1024,2,16,8,3.3,60.68105150756443
272,272,0.00044,109.28,5.582015119999999,12.686398,7,128,8,64,1,16,4,3.9,60.68105150756443
273,273,0.000449,53.557,2.691880271,5.995279,3,64,256,256,16,1,2,3.9,60.68105150756443
274,274,0.000439,127.7,6.401130556999999,14.581163,7,4,512,512,16,1,1,2.3,60.68105150756443
275,275,0.000326,330.42,7.617181688000001,23.365588,5,16,512,32768,8,4,8,3.7,60.68105150756443
276,276,0.000319,161.7,5.473327353999999,17.157766,8,32,16,8192,2,8,1,3.9,60.68105150756443
277,277,0.00025,418.24,9.86117,39.44468,9,4096,256,512,1,1,8,3.9,60.68105150756443
278,278,0.000439,110.11,5.950103274,13.553766,7,64,8,4096,4,1,1,3.1,60.68105150756443
279,279,0.000319,290.18,10.277729253,32.218587,11,32,2048,64,2,1,1,2.3,60.68105150756443
280,280,0.000413,208.88,11.147343711,26.991147,14,256,128,512,8,1,16,2.5,60.68105150756443
281,281,0.0,0.0,0.0,0.0,7,2048,4096,64,4,1,1,3.9,60.68105150756443
282,282,0.000319,278.1,10.421558059,32.669461,11,2048,32,512,2,4,1,2.3,60.68105150756443
283,283,0.000471,742.53,33.08793369000001,70.25039000000001,16,4096,256,1024,4,1,2,2.3,60.68105150756443
284,284,0.000326,113.14,4.016537768,12.320668,5,16,1024,2048,4,4,4,3.2,60.68105150756443
285,285,0.000413,177.48,10.66352784,25.81968,14,256,128,256,2,1,2,2.7,60.68105150756443
286,286,0.000439,320.87,11.267023678,25.665202,7,64,128,32768,1,1,4,3.1,60.68105150756443
287,287,0.000449,75.888,3.345064368,7.450032,3,16,256,4096,4,8,2,3.7,60.68105150756443
288,288,0.000319,258.17,8.984748564,28.165356,11,4,1024,8192,8,1,1,3.9,60.68105150756443
289,289,0.000413,640.55,24.251611517,58.720609,14,32,4096,1024,16,1,1,3.5,60.68105150756443
290,290,0.000319,168.65,6.9964799410000005,21.932539,11,32,512,256,8,1,8,2.8,60.68105150756443
291,291,0.000319,166.97,6.304273228,19.762612,11,32,8,256,1,16,2,2.8,60.68105150756443
292,292,0.000471,194.45,13.579792872,28.831832,16,128,128,1024,1,1,8,2.0,60.68105150756443
293,293,0.000439,620.62,20.972013799,47.772241,7,1024,1024,65536,2,1,1,2.7,60.68105150756443
294,294,0.000446,287.99,15.564854096,34.898776,15,64,1024,2048,8,1,2,3.9,60.68105150756443
295,295,0.000449,79.14,3.3551628270000005,7.472523,3,128,128,2048,16,16,4,2.8,60.68105150756443
296,296,0.000449,81.383,4.024409449999999,8.963049999999999,3,64,2048,64,2,1,2,3.3,60.68105150756443
297,297,0.000413,154.97,9.788471287,23.700899,14,8,128,64,2,1,1,2.6,60.68105150756443
298,298,0.0,0.0,0.0,0.0,6,128,4,1024,8,1,1,2.3,60.68105150756443
299,299,0.000473,793.4,34.726607575,73.417775,16,4096,512,2048,4,1,2,3.9,60.68105150756443
300,300,0.000449,106.16,4.062852381,9.048669,3,128,128,8192,1,1,4,2.8,60.68105150756443
301,301,0.000345,313.74,12.435960734999998,36.046263,12,2048,128,1024,1,1,4,3.9,60.68105150756443
302,302,0.000318,168.76,5.766878484,18.134838,8,64,256,8192,1,1,4,2.3,60.68105150756443
303,303,0.000409,172.04,7.495510279,18.326431,6,16,2048,2048,1,1,2,2.8,60.68105150756443
304,304,0.000449,67.336,3.102547794,6.909906,3,256,64,2048,16,1,1,3.1,60.68105150756443
305,305,0.000345,177.16,7.98614763,23.148254,12,128,256,256,8,1,16,2.0,60.68105150756443
306,306,0.000409,304.18,12.088125062,29.555318,6,2048,2048,8192,4,1,16,2.0,60.68105150756443
307,307,0.000319,533.26,15.604822222,48.917938,11,4096,256,1024,8,1,4,3.3,60.68105150756443
308,308,0.000319,314.86,10.952132576,34.332704,11,2048,32,4096,1,4,8,3.9,60.68105150756443
309,309,0.0,0.0,0.0,0.0,3,4,32,256,16,16,8,2.7,60.68105150756443
310,310,0.00126,103.28,10.71668304,8.505303999999999,2,64,512,8192,16,16,8,2.7,60.68105150756443
311,311,0.0,0.0,0.0,0.0,11,64,4,2048,8,4,1,3.5,60.68105150756443
312,312,0.000319,649.0,15.145149921,47.476959,11,128,128,65536,2,16,8,2.4,60.68105150756443
313,313,0.000318,414.52,11.677008653999998,36.720153,8,4096,128,2048,16,1,16,2.2,60.68105150756443
314,314,0.000449,37.798,2.4292727430000003,5.410407,3,64,128,256,2,1,4,2.6,60.68105150756443
315,315,0.000319,192.97,6.935008003000001,21.739837,11,64,256,1024,16,1,8,2.8,60.68105150756443
316,316,0.000449,65.515,3.122941823,6.955327,3,32,256,128,16,16,1,2.0,60.68105150756443
317,317,0.000319,463.28,14.697549537,46.073823,11,4096,32,64,1,16,1,3.9,60.68105150756443
318,318,0.000449,46.04,2.735968928,6.093472,3,256,128,1024,1,1,8,3.9,60.68105150756443
319,319,0.000318,133.22,4.680075006,14.717217,8,32,32,1024,16,1,1,2.8,60.68105150756443
320,320,0.000449,45.154,2.582377702,5.751398,3,32,128,1024,4,2,4,2.3,60.68105150756443
321,321,0.000449,64.198,3.0000096640000007,6.681536,3,64,32,2048,16,1,16,3.9,60.68105150756443
322,322,0.000473,300.45,16.595351157,35.085309,16,512,256,256,1,16,1,3.7,60.68105150756443
323,323,0.000558,59.978,4.93560486,8.84517,5,64,128,256,1,1,1,2.3,60.68105150756443
324,324,0.000449,81.89,3.830264095000001,8.530655000000001,3,256,1024,2048,16,1,4,2.5,60.68105150756443
325,325,0.000319,148.79,6.290240418,19.718622,11,32,128,256,1,8,16,3.6,60.68105150756443
326,326,0.000319,252.55,9.082575018,28.472022,11,1024,256,1024,1,1,1,2.6,60.68105150756443
327,327,0.000413,198.05,10.685394125,25.872625,14,64,256,128,8,1,8,3.7,60.68105150756443
328,328,0.000319,559.29,16.047717356,50.306324,11,4096,128,8192,4,1,2,3.9,60.68105150756443
329,329,0.000319,249.59,8.617679411,27.014669,11,64,1024,1024,1,1,1,3.5,60.68105150756443
330,330,0.000449,264.31,8.664187319,19.296631,3,16,256,32768,16,1,1,3.9,60.68105150756443
331,331,0.000439,94.933,5.410528813,12.324667,7,64,32,512,8,4,2,2.5,60.68105150756443
332,332,0.000446,375.12,19.418130414,43.538409,15,2048,8,256,4,1,8,3.9,60.68105150756443
333,333,0.000317,229.12,6.580566862,20.758886,8,64,32,16384,8,1,2,3.5,60.68105150756443
334,334,0.000319,215.25,7.948961306,24.918374,11,16,1024,64,2,4,8,3.9,60.68105150756443
335,335,0.00025,240.94,5.862734250000001,23.450937,9,256,32,16384,8,1,1,3.9,60.68105150756443
336,336,0.000319,137.2,6.376840305,19.990095,11,128,128,1024,2,1,1,2.0,60.68105150756443
337,337,0.000326,147.0,5.3157569780000005,16.306003,5,2048,256,2048,2,1,2,3.9,60.68105150756443
338,338,0.000318,117.98,4.758202518,14.962901,8,16,256,1024,8,1,1,3.9,60.68105150756443
339,339,0.000326,548.82,13.6570528,41.8928,5,2048,32,65536,8,1,1,2.3,60.68105150756443
340,340,0.000446,411.26,20.16516748,45.21338,15,128,2048,1024,8,1,1,2.8,60.68105150756443
341,341,0.000449,90.935,4.497346987,10.016363,3,2048,32,2048,1,4,2,3.1,60.68105150756443
342,342,0.000326,195.66,5.955868736000001,18.269536,5,2048,256,4096,16,1,8,3.9,60.68105150756443
343,343,0.000449,253.61,9.531756793,21.228857,3,4096,4096,1024,1,1,1,3.8,60.68105150756443
344,344,0.000319,203.49,7.355222237,23.057123,11,64,128,8192,8,1,8,3.7,60.68105150756443
345,345,0.000295,121.7,4.669523730000001,15.828894,9,64,8,1024,8,1,2,3.7,60.68105150756443
346,346,0.000319,206.09,7.383651198000001,23.146242,11,128,64,8192,1,8,1,3.8,60.68105150756443
347,347,0.000449,34.141,2.2601749427999995,5.0337972,3,16,8,128,1,1,8,3.9,60.68105150756443
348,348,0.000449,67.724,3.17594313,7.07337,3,128,32,4096,2,1,1,3.0,60.68105150756443
349,349,0.000319,475.93,12.830808111,40.221969,11,32,1024,32768,2,16,1,2.6,60.68105150756443
350,350,0.000439,186.16,8.981826738,20.459742,7,8,2048,256,2,1,1,2.8,60.68105150756443
351,351,0.000449,461.1,14.775187324000004,32.906876000000004,3,512,128,65536,4,1,1,2.7,60.68105150756443
352,352,0.000449,43.763,2.475025394,5.512306,3,16,32,256,8,1,16,3.5,60.68105150756443
353,353,0.000319,269.87,8.609661665,26.989535,8,64,2048,8192,2,1,8,3.9,60.68105150756443
354,354,0.000345,572.42,16.820631629999998,48.755454,12,64,2048,32768,8,1,8,3.5,60.68105150756443
355,355,0.000345,216.6,7.787484555,22.572419,12,32,32,1024,8,16,2,3.9,60.68105150756443
356,356,0.000445,162.27,7.78335883,17.490694,7,64,1024,1024,1,1,1,2.2,60.68105150756443
357,357,0.000439,155.63,7.618605306,17.354454,7,1024,32,1024,1,1,4,2.8,60.68105150756443
358,358,0.000413,390.93,17.683558116,42.817332,14,2048,128,1024,8,1,2,3.1,60.68105150756443
359,359,0.000449,35.319,2.293998472,5.109128,3,16,8,256,2,1,8,3.7,60.68105150756443
360,360,0.000326,71.198,3.01388141,9.245035,5,128,128,256,8,1,1,3.9,60.68105150756443
361,361,0.000318,97.779,4.506764369999999,14.172215,8,32,128,1024,1,1,1,2.3,60.68105150756443
362,362,0.000449,616.74,17.064865967,38.006383,3,1024,128,32768,8,1,16,3.9,60.68105150756443
363,363,0.000319,133.4,6.193750255,19.416145,11,4,256,256,1,1,1,3.9,60.68105150756443
364,364,0.000449,86.367,3.535500085,7.874165,3,256,128,4096,16,1,1,3.9,60.68105150756443
365,365,0.000319,548.9,15.546152061,48.734019,11,4096,128,128,16,1,2,2.5,60.68105150756443
366,366,0.000326,70.5,2.995259312,9.187912,5,128,64,256,8,1,8,2.8,60.68105150756443
367,367,0.000319,267.57,9.249920504000002,28.996616000000003,8,2048,1024,1024,8,1,4,2.0,60.68105150756443
368,368,0.000473,179.47,12.906991284,27.287508,16,128,32,256,1,1,1,3.3,60.68105150756443
369,369,0.000449,75.315,3.618279521,8.058529,3,1024,8,1024,8,1,8,3.7,60.68105150756443
370,370,0.000439,96.309,5.511609441,12.554919,7,64,128,256,8,1,4,3.9,60.68105150756443
371,371,0.000317,317.98,10.618110272000004,33.495616000000005,8,2048,2048,256,16,1,2,3.9,60.68105150756443
372,372,0.000295,122.08,4.72237888,16.008064,9,128,32,256,8,1,8,3.6,60.68105150756443
373,373,0.000319,142.5,5.33124284,16.71236,8,32,32,8192,2,1,8,3.9,60.68105150756443
374,374,0.000439,185.77,9.289977958999998,21.161681,7,2048,128,1024,1,1,1,3.9,60.68105150756443
375,375,0.000439,146.77,7.196376422999999,16.392657,7,128,256,8192,2,4,8,3.9,60.68105150756443
376,376,0.000446,402.36,20.3223914,45.5659,15,128,2048,2048,16,1,1,2.3,60.68105150756443
377,377,0.000449,200.53,7.634155277000001,17.002573,3,4096,256,8192,2,1,1,3.9,60.68105150756443
378,378,0.000319,357.99,11.597272114999996,36.355085,11,128,2048,8192,8,1,1,3.7,60.68105150756443
379,379,0.000449,48.936,2.635310312,5.869288,3,64,128,1024,8,1,1,3.9,60.68105150756443
380,380,0.000439,233.19,8.986467846,20.470314,7,64,256,16384,16,1,1,3.9,60.68105150756443
381,381,0.000326,65.17,2.984258768,9.154168,5,64,128,1024,1,1,8,3.9,60.68105150756443
382,382,0.000446,295.47,15.46243867,34.669145,15,64,1024,512,4,1,1,2.3,60.68105150756443
383,383,0.000449,43.185,2.5537218036,5.687576399999999,3,64,128,1024,1,1,1,3.9,60.68105150756443
384,384,0.000473,259.14,15.523886488,32.820056,16,128,512,1024,8,1,2,3.9,60.68105150756443
385,385,0.000439,104.44,5.88718316,13.41044,7,32,256,1024,8,1,8,2.3,60.68105150756443
386,386,0.000449,43.923,2.661517095,5.927655,3,128,128,1024,1,4,8,2.9,60.68105150756443
387,387,0.000295,172.64,5.817168425,19.719215,9,64,256,8192,4,1,1,3.9,60.68105150756443
388,388,0.000409,84.388,4.595477374,11.235886,6,64,128,2048,2,1,8,3.9,60.68105150756443
389,389,0.000319,203.06,7.781782337999999,24.394302,11,512,256,1024,8,1,8,2.8,60.68105150756443
390,390,0.000319,563.88,12.795250138000002,40.110502,8,64,128,65536,1,1,8,3.9,60.68105150756443
391,391,0.000449,52.026,2.784879396,6.202404,3,128,256,1024,8,1,1,3.9,60.68105150756443
392,392,0.001232,15.454,2.4272172848,1.9701439,1,32,128,256,2,1,8,3.9,60.68105150756443
393,393,0.000455,142.33,7.044354135,15.482097,7,32,128,8192,2,1,2,2.2,60.68105150756443
394,394,0.000326,84.119,3.052286166,9.362841,5,64,64,512,16,1,1,3.9,60.68105150756443
395,395,0.000319,149.9,6.258962787,19.620573,11,32,32,1024,8,1,16,2.3,60.68105150756443
396,396,0.001232,34.143,3.783954944,3.071392,1,16,512,2048,16,1,2,3.9,60.68105150756443
397,397,0.000319,165.21,6.750050527,21.160033,11,128,256,1024,8,1,8,3.9,60.68105150756443
398,398,0.000449,36.74,2.3571866012,5.2498588,3,64,64,256,2,1,4,3.9,60.68105150756443
399,399,0.000439,84.558,5.323520329999999,12.12647,7,64,32,1024,2,1,1,3.9,60.68105150756443
400,400,0.000473,292.27,16.880021004,35.687148,16,64,512,8192,2,1,16,3.9,60.68105150756443
401,401,0.00032,91.73,4.39046208,13.720194,8,32,128,256,1,1,2,3.5,60.68105150756443
402,402,0.0,0.0,0.0,0.0,3,128,32,128,2,1,16,3.9,60.68105150756443
403,403,0.000446,222.65,12.740400766000002,28.565921000000003,15,128,256,1024,8,1,1,3.9,60.68105150756443
404,404,0.000319,296.02,10.387853794999998,32.563804999999995,11,64,2048,512,8,1,2,3.8,60.68105150756443
405,405,0.00025,124.08,4.24554,16.98216,9,128,256,1024,1,1,2,3.9,60.68105150756443
406,406,0.000449,67.678,3.182477876,7.087923999999999,3,512,64,1024,16,1,8,3.9,60.68105150756443
407,407,0.000449,40.03,2.4898231319000006,5.5452631000000006,3,16,256,256,1,1,8,3.9,60.68105150756443
408,408,0.00025,104.77,3.8502475,15.40099,9,16,64,1024,1,1,1,3.0,60.68105150756443
409,409,0.000295,110.9,4.74472808,16.083824,9,32,256,256,2,1,2,3.8,60.68105150756443
410,410,0.000319,161.44,6.594499747000001,20.672413,11,128,4,4096,1,1,8,3.9,60.68105150756443
411,411,0.000449,45.453,2.5780682,5.7418,3,32,256,256,8,1,8,3.9,60.68105150756443
412,412,0.000326,69.132,3.0594203500000003,9.384725,5,32,256,1024,1,1,1,3.8,60.68105150756443
413,413,0.000317,118.01,5.036534991000001,15.888123,8,512,32,64,2,1,1,3.9,60.68105150756443
414,414,0.000449,64.937,3.166826185,7.053064999999999,3,16,256,2048,2,16,8,2.8,60.68105150756443
415,415,0.000318,109.45,4.839581579999999,15.21881,8,128,256,1024,2,1,1,2.4,60.68105150756443
416,416,0.000319,398.27,10.870480698,34.076742,11,128,256,32768,8,1,4,3.9,60.68105150756443
417,417,0.000449,53.26,2.5797380310000007,5.745519000000001,3,16,64,512,16,1,8,3.9,60.68105150756443
418,418,0.000449,53.363,2.645644945,5.892305,3,128,64,512,16,1,1,3.9,60.68105150756443
419,419,0.00025,155.3,4.379330749999999,17.517322999999998,9,32,256,512,16,1,8,2.8,60.68105150756443
420,420,0.000449,68.49,3.2301666150000004,7.194135,3,512,128,1024,16,1,8,3.9,60.68105150756443
421,421,0.00025,124.65,4.035808,16.143232,9,128,8,1024,8,1,2,3.9,60.68105150756443
422,422,0.000319,186.4,6.56153014,20.56906,11,32,128,1024,16,1,2,3.9,60.68105150756443
423,423,0.000449,56.64,2.961174756000001,6.595044000000001,3,64,128,2048,8,1,16,3.9,60.68105150756443
424,424,0.000318,125.28,4.943132874,15.544443,8,128,256,1024,8,1,2,3.9,60.68105150756443
425,425,0.000446,43.481,2.482429979,5.5659865,3,64,32,1024,1,1,2,3.9,60.68105150756443
426,426,0.000413,381.04,17.241854203,41.747831,14,128,2048,1024,1,1,1,3.9,60.68105150756443
427,427,0.000319,369.54,12.521582271,39.252609,11,2048,1024,256,2,1,2,2.3,60.68105150756443
428,428,0.000413,264.87,11.616297777,28.126629,14,128,128,4096,16,1,1,3.9,60.68105150756443
429,429,0.000439,122.15,6.526030447,14.865673,7,64,512,2048,1,2,4,3.8,60.68105150756443
430,430,0.000319,158.47,6.636728967,20.804793,11,128,256,64,8,1,2,2.7,60.68105150756443
431,431,0.00025,123.68,4.038629,16.154516,9,128,64,512,8,1,2,3.9,60.68105150756443
432,432,0.000319,200.1,7.10840779,22.28341,11,128,256,1024,16,1,16,3.9,60.68105150756443
433,433,0.000449,50.631,2.633400715,5.865035,3,128,32,1024,8,1,4,3.9,60.68105150756443
434,434,0.000413,644.57,25.142710229,60.878233,14,4096,256,256,1,1,8,3.9,60.68105150756443
435,435,0.000413,182.67,10.53962784,25.51968,14,16,256,2048,1,1,8,3.9,60.68105150756443
436,436,0.000449,62.992,3.285134991,7.316559,3,32,1024,1024,8,1,1,3.9,60.68105150756443
437,437,0.000319,189.81,6.758849504,21.187616,11,128,128,1024,16,1,8,3.9,60.68105150756443
438,438,0.000319,132.38,6.115775171,19.171709,11,128,32,1024,1,1,4,3.9,60.68105150756443
439,439,0.000319,156.62,6.377611646999999,19.992513,11,64,128,1024,8,1,2,3.9,60.68105150756443
440,440,0.000449,72.307,3.543330196,7.891604,3,256,1024,256,1,1,2,2.5,60.68105150756443
441,441,0.000439,108.18,5.935523644999999,13.520555,7,64,8,4096,1,1,1,3.9,60.68105150756443
442,442,0.000318,99.726,4.521463283999999,14.218438,8,64,128,1024,2,1,1,3.9,60.68105150756443
443,443,0.000439,108.34,6.000720852000001,13.669068,7,128,256,1024,8,1,8,3.9,60.68105150756443
444,444,0.000319,142.0,6.472630582000001,20.290378,11,128,256,256,1,1,8,3.9,60.68105150756443
445,445,0.000439,92.453,5.689767494,12.960746,7,32,256,1024,2,1,8,3.7,60.68105150756443
446,446,0.000319,145.49,6.480729673,20.315767,11,64,256,1024,2,1,2,2.8,60.68105150756443
447,447,0.00025,169.6,5.0127495,20.050998,9,32,256,8192,1,1,16,3.7,60.68105150756443
448,448,0.000449,58.746,2.805285548,6.247852,3,128,128,1024,16,1,1,3.7,60.68105150756443
449,449,0.000319,141.1,5.976148871,18.734009,11,16,32,256,8,1,8,3.9,60.68105150756443
450,450,0.000317,118.7,4.789572971,15.109063,8,32,256,1024,8,1,1,2.9,60.68105150756443
451,451,0.000319,142.76,6.450113967000001,20.219793000000003,11,64,256,1024,2,1,8,3.9,60.68105150756443
452,452,0.000319,162.19,6.607234865,20.712335,11,64,256,1024,8,1,1,3.9,60.68105150756443
453,453,0.000449,84.173,4.120921551,9.177999,3,128,2048,256,1,1,8,3.9,60.68105150756443
454,454,0.000319,181.02,6.507947072,20.401088,11,64,128,256,16,1,1,3.9,60.68105150756443
455,455,0.000413,250.48,11.494458647,27.831619,14,128,256,1024,16,1,2,3.9,60.68105150756443
456,456,0.000449,64.07,3.389992655,7.550095,3,128,1024,1024,8,1,8,3.9,60.68105150756443
457,457,0.000449,55.689,2.989330648,6.657752,3,512,128,512,8,1,1,3.9,60.68105150756443
458,458,0.000319,133.25,6.118035286,19.178794,11,128,32,1024,2,1,2,3.9,60.68105150756443
459,459,0.000326,64.116,2.955179894,9.064969,5,128,32,1024,2,1,8,3.9,60.68105150756443
460,460,0.00025,134.5,4.27479875,17.099194999999998,9,16,256,1024,8,1,16,3.9,60.68105150756443
461,461,0.000449,46.3,2.676676682,5.961418,3,128,128,1024,2,1,2,2.0,60.68105150756443
462,462,0.000318,229.74,7.025706605999999,22.093417,8,128,256,16384,8,1,1,2.7,60.68105150756443
463,463,0.001222,36.622,6.457833135,5.2846425,3,128,32,256,1,4,2,3.9,60.68105150756443
464,464,0.000439,108.34,6.000720852000001,13.669068,7,128,256,1024,8,1,8,3.9,60.68105150756443
465,465,0.000319,165.14,6.70764171,21.02709,11,64,256,1024,8,1,16,3.9,60.68105150756443
466,466,0.000319,128.83,5.991833463,18.783177,11,64,32,1024,1,1,2,3.9,60.68105150756443
467,467,0.000326,66.753,2.980337314,9.142139,5,32,128,1024,1,1,2,2.3,60.68105150756443
468,468,0.0,0.0,0.0,0.0,11,32,32,64,8,1,16,3.9,60.68105150756443
469,469,0.000319,175.67,7.066862824999999,22.153175,11,32,512,1024,8,1,2,3.9,60.68105150756443
470,470,0.000319,142.76,6.449467992,20.217768,11,64,256,1024,1,1,8,3.9,60.68105150756443
471,471,0.000439,104.64,6.169939547999999,14.054532,7,128,256,2048,1,1,16,3.1,60.68105150756443
472,472,0.000326,77.474,3.077783278,9.441053,5,64,128,1024,8,1,2,3.9,60.68105150756443
473,473,0.000319,146.37,6.654717058000001,20.861182000000003,11,128,256,1024,1,1,8,2.0,60.68105150756443
474,474,0.000449,107.0,4.839889087,10.779263,3,2048,512,1024,16,1,2,3.9,60.68105150756443
475,475,0.00025,113.83,4.0645235,16.258094,9,128,128,1024,1,1,1,3.9,60.68105150756443
476,476,0.000473,231.02,14.144597676,29.904012,16,64,256,1024,8,1,8,3.9,60.68105150756443
477,477,0.000449,46.239,2.63267109,5.86341,3,128,256,256,8,1,1,3.9,60.68105150756443
478,478,0.000319,165.8,6.734305325,21.110675,11,128,256,1024,8,1,1,3.9,60.68105150756443
479,479,0.000446,204.75,11.92979978,26.74843,15,128,32,1024,8,1,8,3.9,60.68105150756443
480,480,0.00025,128.74,4.41510275,17.660411,9,256,256,1024,1,1,8,3.9,60.68105150756443
481,481,0.000449,39.795,2.4575718211,5.4734339,3,16,32,1024,1,1,8,3.9,60.68105150756443
482,482,0.000449,51.957,2.936420488,6.539912,3,64,512,1024,2,1,8,3.9,60.68105150756443
483,483,0.00025,119.0,4.15144725,16.605789,9,64,256,1024,1,1,1,3.9,60.68105150756443
484,484,0.000319,186.35,6.558432331,20.559349,11,32,128,1024,16,1,4,3.9,60.68105150756443
485,485,0.000319,165.21,6.750050527,21.160033,11,128,256,1024,8,1,8,3.9,60.68105150756443
486,486,0.000319,156.15,6.495700981,20.362699,11,64,256,256,8,1,2,3.9,60.68105150756443
487,487,0.000319,355.0,8.957584757,28.080203,8,128,256,32768,1,1,8,3.9,60.68105150756443
488,488,0.000319,142.76,6.450113967000001,20.219793000000003,11,64,256,1024,2,1,8,3.9,60.68105150756443
489,489,0.000318,104.99,4.690542611999999,14.750134,8,32,256,1024,2,1,1,2.5,60.68105150756443
490,490,0.000318,93.564,4.322670989999999,13.593305,8,16,32,1024,4,1,8,3.9,60.68105150756443
491,491,0.0,0.0,0.0,0.0,3,64,4,1024,8,1,8,3.9,60.68105150756443
492,492,0.000409,84.043,4.681055716,11.445124,6,32,256,1024,1,1,16,3.9,60.68105150756443
493,493,0.000319,164.32,6.622819291,20.761189,11,64,256,1024,8,1,2,3.9,60.68105150756443
494,494,0.000319,178.24,6.43416301,20.16979,11,32,128,256,16,1,2,3.9,60.68105150756443
495,495,0.000319,143.79,6.466168918,20.270122,11,32,256,1024,1,1,16,3.8,60.68105150756443
496,496,0.000449,48.936,2.635310312,5.869288,3,64,128,1024,8,1,1,3.9,60.68105150756443
497,497,0.000319,151.97,6.291887096,19.723784,11,32,128,1024,8,1,1,3.9,60.68105150756443
498,498,0.000449,88.477,4.26681557,9.50293,3,128,2048,1024,1,1,8,3.9,60.68105150756443
499,499,0.000439,102.68,6.0566692070000006,13.796513,7,256,256,1024,1,1,1,3.9,60.68105150756443
