,reward1,reward2,reward3,core,l1i_size,l1d_size,l2_size,l1i_assoc,l1d_assoc,l2_assoc,clock_rate,latency,Area,energy,power
0,19.980159,31.305628,49.050779,2.0,128.0,32.0,64.0,4.0,2.0,8.0,3.2,0.000449,409.62,12.991733731,28.934819
1,0.0,0.0,0.0,1.0,8.0,8.0,65536.0,16.0,1.0,4.0,3.4,0.00126,25.206,4.547530260000001,3.609151
2,72.971014,21.761156,6.489534,12.0,512.0,4.0,8192.0,2.0,1.0,4.0,3.3,0.0,0.0,0.0,0.0
3,100.7,29.937519,8.900249,9.0,256.0,512.0,2048.0,8.0,1.0,2.0,2.9,0.000345,243.62,9.411449925,27.279565
4,77.632371,20.30366,5.310138,8.0,1024.0,256.0,32768.0,2.0,8.0,8.0,3.7,0.00025,163.27,4.97266075,19.890643
5,0.0,0.0,0.0,4.0,32.0,4.0,32768.0,8.0,2.0,2.0,3.6,0.000317,404.57,10.330873719,32.589507000000005
6,56.446188,16.236463,4.670337,15.0,256.0,1024.0,2048.0,16.0,2.0,8.0,2.8,0.0,0.0,0.0,0.0
7,61.552567,20.533589,6.84989,6.0,16.0,4096.0,1024.0,2.0,4.0,4.0,2.5,0.000446,343.24,16.905872624,37.905544
8,78.918495,26.275351,8.748191,11.0,256.0,4.0,2048.0,1.0,4.0,4.0,3.4,0.000409,298.16,10.570382504,25.844456
9,12.029024,2.069507,0.356044,12.0,4096.0,4096.0,1024.0,2.0,2.0,8.0,2.8,0.000319,144.4,6.455403305999999,20.236374
10,45.867311,12.425944,3.366321,16.0,512.0,1024.0,8192.0,4.0,2.0,4.0,2.7,0.000345,985.19,28.277861864999995,81.964817
11,29.437575,6.382466,1.383805,13.0,4096.0,128.0,2048.0,2.0,2.0,16.0,2.9,0.000471,431.8,21.255488646000003,45.128426000000005
12,0.0,0.0,0.0,14.0,4.0,512.0,2048.0,16.0,8.0,2.0,2.0,0.00038,600.07,21.6010962,56.84499
13,21.802998,3.621885,0.601663,9.0,8.0,4096.0,65536.0,16.0,2.0,4.0,2.9,0.0,0.0,0.0,0.0
14,79.166667,28.388602,10.17995,8.0,128.0,512.0,2048.0,1.0,1.0,1.0,2.1,0.00025,859.64,15.9266535,63.706614
15,60.956416,19.752979,6.40097,14.0,512.0,16.0,256.0,1.0,2.0,2.0,2.3,0.000318,139.46,5.530092821999999,17.390228999999998
16,6.253105,12.632988,25.522103,4.0,32.0,16.0,256.0,1.0,1.0,16.0,3.0,0.000413,195.51,11.422344304,27.657008
17,17.917889,4.251551,1.008807,15.0,128.0,8.0,32768.0,1.0,1.0,16.0,2.5,0.004026,47.86,27.925970556,6.936406
18,79.166667,26.811878,9.080549,8.0,512.0,16.0,4096.0,16.0,16.0,4.0,2.4,0.000446,709.96,24.844490210000004,55.705135000000006
19,56.069042,31.358451,17.538242,3.0,1024.0,1024.0,1024.0,4.0,16.0,2.0,2.3,0.000318,208.93,6.199632918,19.495701
20,34.497192,7.026722,1.431271,10.0,512.0,128.0,65536.0,16.0,8.0,2.0,3.5,0.000449,96.18,4.532222613,10.094037
21,0.0,0.0,0.0,15.0,8.0,8.0,64.0,4.0,16.0,8.0,3.3,0.000282,643.47,13.478501892,47.796106
22,0.0,0.0,0.0,12.0,1024.0,1024.0,64.0,4.0,8.0,16.0,2.2,0.0,0.0,0.0,0.0
23,78.918495,22.026381,6.147627,11.0,256.0,512.0,8192.0,8.0,16.0,16.0,3.3,0.0,0.0,0.0,0.0
24,77.223926,24.960925,8.068067,5.0,4096.0,16.0,128.0,2.0,2.0,8.0,2.0,0.000319,286.93,9.186162612,28.796748
25,79.667722,30.9791,12.046342,8.0,16.0,8.0,1024.0,1.0,16.0,1.0,2.7,0.000326,224.72,7.153178716,21.942266
26,22.514905,5.656147,1.420925,16.0,4.0,32.0,65536.0,4.0,4.0,2.0,2.5,0.000316,124.94,4.643899975999999,14.695886
27,57.346241,24.275065,10.275805,7.0,128.0,1024.0,64.0,1.0,1.0,1.0,3.0,0.000471,616.31,24.718503429,52.480899
28,61.552567,32.407666,17.062762,6.0,16.0,64.0,64.0,8.0,1.0,4.0,2.8,0.000439,157.1,7.56309639,17.22801
29,35.406733,9.456077,2.525435,15.0,64.0,512.0,32768.0,16.0,2.0,2.0,2.1,0.000409,77.796,4.243507107,10.375323
30,20.46748,36.812728,66.211225,1.0,512.0,32.0,128.0,2.0,16.0,1.0,2.6,0.000446,505.05,19.611053512,43.970972
31,40.676728,8.900683,1.947604,12.0,4096.0,32.0,128.0,4.0,1.0,1.0,3.5,0.00123,19.254,3.2887014299999997,2.673741
32,19.980159,18.51569,17.158561,2.0,4096.0,256.0,2048.0,8.0,1.0,2.0,2.2,0.000345,535.75,17.48094852,50.669416
33,0.0,0.0,0.0,10.0,8.0,1024.0,32768.0,8.0,16.0,2.0,3.0,0.00126,111.52,12.99991896,10.317396
34,78.918495,26.840191,9.128353,11.0,128.0,128.0,64.0,4.0,2.0,8.0,3.7,0.0,0.0,0.0,0.0
35,0.0,0.0,0.0,11.0,256.0,4.0,16384.0,8.0,2.0,2.0,3.2,0.000319,131.96,6.1865599950000005,19.393605
36,72.971014,24.27986,8.078709,12.0,32.0,4.0,1024.0,2.0,16.0,2.0,2.8,0.0,0.0,0.0,0.0
37,13.622829,2.964501,0.645113,16.0,4096.0,32.0,256.0,16.0,1.0,8.0,2.3,0.000345,190.85,7.560109199999999,21.91336
38,79.166667,20.015599,5.060516,8.0,4096.0,4.0,2048.0,1.0,1.0,16.0,2.7,0.000471,792.32,32.9423523,69.9413
39,19.980159,30.677603,47.102496,2.0,256.0,64.0,64.0,4.0,1.0,4.0,3.4,0.000318,369.54,11.124570786,34.982927000000004
40,88.037539,20.041557,4.562418,9.0,32.0,1024.0,32768.0,4.0,2.0,8.0,3.0,0.00126,26.808,4.7356281,3.758435
41,100.7,27.603465,7.566547,9.0,1024.0,8.0,2048.0,8.0,1.0,16.0,2.3,0.00025,427.8,8.480751750000001,33.923007000000005
42,35.912981,22.393712,13.963707,4.0,2048.0,32.0,1024.0,8.0,2.0,16.0,2.9,0.00025,216.62,5.8491565,23.396626
43,89.27305,22.86881,5.858234,10.0,128.0,2048.0,1024.0,4.0,2.0,8.0,3.8,0.000701,119.75,8.887267484999999,12.677985
44,100.7,25.411208,6.412408,9.0,256.0,2048.0,128.0,8.0,1.0,2.0,3.4,0.000282,276.61,8.521838934000002,30.219287
45,0.0,0.0,0.0,5.0,8.0,4.0,65536.0,16.0,16.0,8.0,2.6,0.00025,251.16,6.9019182500000005,27.607673
46,53.224101,17.43533,5.711524,16.0,256.0,64.0,128.0,4.0,16.0,4.0,3.2,0.0,0.0,0.0,0.0
47,77.223926,34.478548,15.393808,5.0,256.0,512.0,2048.0,8.0,1.0,2.0,3.5,0.000473,264.54,14.660881433000002,30.995521
48,17.974805,3.710922,0.766125,14.0,4096.0,1024.0,512.0,8.0,8.0,8.0,3.9,0.000326,98.08,3.749060962,11.500187
49,19.980159,28.612358,40.973999,2.0,512.0,8.0,256.0,4.0,16.0,8.0,2.7,0.000413,736.61,28.141438388,68.139076
50,0.0,0.0,0.0,2.0,4.0,128.0,2048.0,8.0,8.0,2.0,3.7,0.00126,38.807,5.44393773,4.3205855
51,50.817434,13.56324,3.620047,14.0,32.0,1024.0,16384.0,1.0,2.0,8.0,3.2,0.0,0.0,0.0,0.0
52,19.980159,18.99926,18.066517,2.0,4096.0,32.0,1024.0,16.0,4.0,8.0,2.9,0.000413,438.09,16.837597826,40.769002
53,59.410529,12.368764,2.575071,10.0,4096.0,512.0,256.0,8.0,1.0,2.0,2.9,0.00126,108.7,12.346591320000002,9.798882
54,77.461538,24.500332,7.749217,5.0,128.0,4.0,32768.0,4.0,16.0,4.0,3.1,0.000282,490.33,12.901908054000002,45.751447
55,19.980159,17.779667,15.821524,2.0,512.0,8.0,16384.0,4.0,8.0,2.0,3.5,0.000325,319.5,7.4246588,22.845104
56,79.416404,32.557087,13.346914,8.0,32.0,16.0,256.0,4.0,1.0,2.0,2.9,0.00126,156.5,14.09850918,11.189293
57,77.223926,39.963344,20.681011,5.0,8.0,32.0,64.0,8.0,1.0,4.0,3.2,0.000317,88.294,4.204645205,13.263865
58,61.552567,28.034534,12.768519,6.0,256.0,32.0,4096.0,4.0,16.0,8.0,3.1,0.000326,64.338,2.790594882,8.560107
59,100.7,29.872312,8.861519,9.0,256.0,512.0,2048.0,8.0,1.0,2.0,2.3,0.000409,139.6,5.670661891,13.864699
60,0.0,0.0,0.0,1.0,128.0,32.0,128.0,8.0,1.0,16.0,3.0,0.00025,163.27,4.99439375,19.977575
61,0.0,0.0,0.0,6.0,8.0,32.0,64.0,16.0,16.0,1.0,2.9,0.0,0.0,0.0,0.0
62,100.7,31.184793,9.657312,9.0,16.0,512.0,1024.0,8.0,1.0,2.0,2.2,0.0,0.0,0.0,0.0
63,89.27305,29.515721,9.758575,10.0,4.0,256.0,1024.0,2.0,2.0,8.0,3.2,0.00025,145.03,4.582840249999999,18.331361
64,20.46748,20.004318,19.551637,1.0,8.0,32.0,16384.0,4.0,4.0,8.0,2.6,0.000282,127.6,5.115801198,18.141139
65,100.7,27.305615,7.404137,9.0,256.0,8.0,16384.0,4.0,1.0,16.0,2.9,0.00123,145.62,11.1371211,9.05457
66,65.220207,40.342215,24.953836,4.0,16.0,32.0,256.0,1.0,8.0,1.0,3.2,0.00025,242.4,5.97745775,23.909831
67,20.434253,20.329397,20.225079,1.0,64.0,32.0,16384.0,2.0,2.0,2.0,3.5,0.000386,52.598,2.738425662,7.094367
68,100.7,29.510957,8.648427,9.0,256.0,512.0,2048.0,8.0,8.0,2.0,2.6,0.001232,138.02,10.7837906176,8.7530768
69,19.980159,22.891156,26.226269,2.0,2048.0,64.0,1024.0,1.0,16.0,1.0,3.2,0.00025,177.2,5.11745275,20.469811
70,39.213396,37.448343,35.762738,2.0,512.0,32.0,128.0,2.0,16.0,8.0,2.0,0.00126,57.578,8.505209160000001,6.750166
71,100.7,30.493733,9.234039,9.0,512.0,8.0,2048.0,8.0,1.0,2.0,2.9,0.000642,37.779,3.178009782,4.950171
72,0.0,0.0,0.0,1.0,4.0,32.0,32768.0,1.0,16.0,1.0,3.2,0.00025,160.68,4.79290975,19.171639
73,61.552567,29.234727,13.885193,6.0,512.0,32.0,512.0,2.0,16.0,1.0,3.4,0.0,0.0,0.0,0.0
74,100.7,31.82924,10.060581,9.0,256.0,64.0,2048.0,8.0,1.0,2.0,3.0,0.000409,107.53,5.214616257,12.749673
75,77.223926,39.704894,20.41438,5.0,128.0,32.0,64.0,1.0,2.0,8.0,3.2,0.00025,142.78,4.39914125,17.596565000000002
76,20.46748,36.81878,66.233,1.0,512.0,32.0,128.0,1.0,16.0,2.0,2.6,0.000326,57.779,2.82704266,8.671909999999999
77,100.7,29.934344,8.898361,9.0,256.0,512.0,2048.0,8.0,1.0,8.0,2.9,0.00123,19.55,3.2876202600000006,2.6728620000000003
78,39.213396,42.1311,45.265898,2.0,128.0,32.0,64.0,2.0,8.0,1.0,2.0,0.00025,163.3,4.9737155,19.894862
79,0.0,0.0,0.0,1.0,512.0,32.0,64.0,2.0,16.0,16.0,2.1,0.000642,27.483,2.510815776,3.910928
80,100.7,29.547167,8.669663,9.0,256.0,512.0,2048.0,8.0,8.0,2.0,2.9,0.0,0.0,0.0,0.0
81,19.980159,23.998118,28.824079,2.0,8.0,2048.0,256.0,16.0,2.0,2.0,3.2,0.00025,177.2,5.10491775,20.419671
82,77.223926,33.645467,14.658895,5.0,512.0,128.0,4096.0,2.0,2.0,1.0,3.8,0.00126,53.608,7.73866548,6.141798
83,85.338983,28.467947,9.496528,9.0,32.0,512.0,2048.0,8.0,1.0,2.0,3.6,0.000326,106.8,3.93701724,12.07674
84,20.434253,33.838016,56.033922,1.0,16.0,32.0,2048.0,1.0,16.0,1.0,3.2,0.000295,150.89,5.49930917,18.641726
85,20.46748,24.502215,29.332315,1.0,128.0,32.0,8192.0,2.0,16.0,4.0,2.6,0.001232,30.855,3.892338912,3.159366
86,100.7,30.860738,9.457648,9.0,256.0,256.0,2048.0,8.0,1.0,2.0,2.0,0.00123,86.824,7.4235174,6.03538
87,78.918495,30.417083,11.723474,8.0,128.0,8.0,64.0,8.0,16.0,2.0,3.5,0.00025,151.93,4.67959025,18.718361
88,19.980159,27.770768,38.599071,2.0,512.0,32.0,128.0,2.0,16.0,1.0,2.6,0.000319,137.91,4.817096185,15.100615
89,78.918495,25.11439,7.992202,11.0,8.0,512.0,1024.0,4.0,1.0,2.0,2.9,0.00126,36.415,5.77889298,4.586423
90,100.7,28.828775,8.25321,9.0,1024.0,32.0,64.0,4.0,16.0,1.0,2.6,0.000319,172.79,7.066025130999999,22.150549
91,20.46748,36.120274,63.743764,1.0,512.0,256.0,128.0,2.0,16.0,2.0,2.8,0.00025,179.66,5.362509500000001,21.450038
92,100.298805,30.860796,9.495514,9.0,256.0,256.0,2048.0,8.0,1.0,8.0,2.4,0.00123,21.069,3.41600397,2.777239
93,72.971014,22.464934,6.916078,12.0,512.0,32.0,4096.0,2.0,4.0,2.0,3.2,0.000251,151.99,4.679572716,18.643716
94,0.0,0.0,0.0,3.0,512.0,32.0,128.0,2.0,16.0,16.0,3.2,0.000345,208.29,8.831005364999998,25.597117
95,100.7,24.169285,5.800937,9.0,512.0,2048.0,2048.0,8.0,1.0,2.0,2.2,0.0,0.0,0.0,0.0
96,0.0,0.0,0.0,2.0,2048.0,32.0,128.0,8.0,16.0,16.0,3.2,0.00025,288.72,7.62944275,30.517771
97,20.46748,36.741977,65.956968,1.0,512.0,32.0,1024.0,1.0,1.0,1.0,2.6,0.0,0.0,0.0,0.0
98,100.7,28.081072,7.830652,9.0,1024.0,64.0,512.0,8.0,1.0,2.0,2.9,0.00123,23.75,3.3013790400000005,2.684048
99,57.346241,26.710737,12.441329,7.0,16.0,256.0,128.0,16.0,16.0,1.0,3.2,0.00025,210.09,5.65188175,22.607527
100,0.0,0.0,0.0,1.0,8.0,32.0,128.0,2.0,16.0,1.0,3.4,0.000439,146.9,6.246671918999999,14.229321
101,100.7,31.973769,10.152154,9.0,256.0,32.0,2048.0,8.0,1.0,2.0,3.0,0.0,0.0,0.0,0.0
102,20.434253,34.183583,57.184244,1.0,16.0,32.0,2048.0,2.0,16.0,1.0,3.8,0.00025,141.54,4.35946075,17.437843
103,20.46748,36.738015,65.942743,1.0,512.0,32.0,128.0,4.0,16.0,2.0,2.6,0.001232,30.929,3.814040384,3.095812
104,78.918495,30.519981,11.802927,8.0,256.0,8.0,2048.0,2.0,1.0,2.0,3.5,0.00123,19.8,3.3020912099999995,2.684627
105,20.434253,41.637829,84.843266,1.0,128.0,32.0,64.0,2.0,8.0,8.0,3.1,0.000319,110.64,4.784669197,14.998963
106,0.0,0.0,0.0,1.0,4.0,256.0,128.0,1.0,16.0,4.0,2.6,0.001232,15.47,2.5706579360000004,2.086573
107,100.7,33.432855,11.099859,9.0,16.0,64.0,1024.0,8.0,1.0,2.0,2.9,0.0,0.0,0.0,0.0
108,35.912981,29.40791,24.08113,4.0,16.0,256.0,64.0,2.0,8.0,1.0,3.2,0.00025,124.53,3.9872505,15.949002
109,20.46748,36.853494,66.357952,1.0,256.0,32.0,128.0,8.0,16.0,8.0,2.6,0.000701,56.98,5.153379348400001,7.351468400000001
110,66.424802,21.790304,7.148194,13.0,256.0,8.0,2048.0,8.0,1.0,16.0,3.1,0.00123,21.54,3.28142967,2.667829
111,19.980159,25.32011,32.08723,2.0,8.0,32.0,4096.0,2.0,8.0,1.0,3.2,0.000379,191.13,9.386287849,24.765931
112,20.46748,38.833282,73.679017,1.0,512.0,32.0,128.0,4.0,8.0,1.0,2.2,0.00126,58.4,6.951672,5.5172
113,100.7,31.417636,9.802064,9.0,64.0,512.0,64.0,8.0,1.0,2.0,2.6,0.00123,16.892,2.95537266,2.402742
114,19.980159,31.504453,49.675809,2.0,128.0,32.0,64.0,4.0,1.0,1.0,3.0,0.00025,138.43,4.515163,18.060652
115,20.46748,37.084822,67.193619,1.0,512.0,32.0,128.0,2.0,16.0,1.0,2.8,0.00126,24.345,4.4903124,3.56374
116,85.338983,29.334065,10.083169,9.0,256.0,64.0,2048.0,8.0,1.0,2.0,3.5,0.00123,19.254,3.2406194999999998,2.63465
117,39.213396,37.872997,36.578416,2.0,128.0,32.0,2048.0,2.0,8.0,1.0,2.0,0.000295,142.78,5.17935807,17.557146
118,20.434253,38.001819,70.672425,1.0,512.0,4.0,128.0,1.0,16.0,1.0,3.6,0.000642,41.9,3.10714197,4.839785
119,100.7,31.724961,9.994768,9.0,256.0,64.0,2048.0,8.0,1.0,2.0,2.2,0.001232,19.015,3.086111952,2.504961
120,19.980159,31.294289,49.015252,2.0,16.0,16.0,64.0,2.0,8.0,2.0,3.2,0.00025,142.78,4.4281085,17.712434000000002
121,20.46748,36.387283,64.689661,1.0,512.0,32.0,128.0,1.0,16.0,8.0,2.6,0.00126,26.463,4.55082642,3.611767
122,100.7,32.931242,10.769282,9.0,64.0,32.0,2048.0,8.0,1.0,2.0,2.9,0.00123,20.546,3.3660548999999995,2.73663
123,19.980159,30.419682,46.313798,2.0,128.0,32.0,256.0,2.0,8.0,2.0,3.2,0.00025,131.21,4.1096442500000006,16.438577000000002
124,39.213396,40.138432,41.08529,2.0,512.0,32.0,64.0,4.0,2.0,8.0,2.0,0.00126,28.895,4.816273140000001,3.822439
125,100.7,31.784667,10.032424,9.0,256.0,64.0,2048.0,8.0,1.0,2.0,2.6,0.000642,30.862,2.766302244,4.3088820000000005
126,19.980159,30.761644,47.360922,2.0,128.0,32.0,64.0,2.0,8.0,1.0,3.2,0.00025,142.78,4.411488,17.645952
127,20.46748,36.14303,63.824106,1.0,512.0,32.0,64.0,1.0,16.0,1.0,2.1,0.00126,27.483,4.70978802,3.737927
128,85.338983,27.877432,9.106638,9.0,256.0,512.0,1024.0,8.0,1.0,2.0,3.8,0.00123,18.889,3.411703889999999,2.773743
129,19.980159,30.452622,46.414156,2.0,128.0,32.0,64.0,2.0,8.0,1.0,2.3,0.000295,158.22,5.734755455,19.439849
130,0.0,0.0,0.0,1.0,8.0,32.0,64.0,1.0,16.0,4.0,2.6,0.00126,27.483,4.80585924,3.814174
131,0.0,0.0,0.0,9.0,256.0,4.0,2048.0,8.0,1.0,2.0,2.8,0.0,0.0,0.0,0.0
132,77.223926,38.814483,19.509032,5.0,128.0,32.0,64.0,2.0,8.0,1.0,2.6,0.0,0.0,0.0,0.0
133,20.434253,38.931874,74.174026,1.0,128.0,16.0,128.0,2.0,16.0,8.0,3.2,0.000326,65.957,2.958236144,9.074344
134,57.346241,22.53252,8.853491,7.0,1024.0,512.0,2048.0,8.0,1.0,2.0,2.9,0.001232,18.882,2.940423024,2.386707
135,39.213396,30.487293,23.702998,2.0,128.0,32.0,8192.0,2.0,8.0,1.0,2.0,0.000439,192.15,8.77810791,19.99569
136,20.46748,23.970388,28.072802,1.0,512.0,32.0,8192.0,2.0,16.0,1.0,2.2,0.000642,88.905,4.794934931999999,7.468745999999999
137,100.7,27.888486,7.723611,9.0,1024.0,64.0,1024.0,8.0,1.0,2.0,2.9,0.00123,80.407,7.756580489999999,6.306163
138,20.46748,41.19196,82.901147,1.0,128.0,4.0,64.0,2.0,8.0,1.0,2.0,0.00025,216.75,5.7302105,22.920842
139,20.434253,38.669825,73.178862,1.0,512.0,256.0,128.0,8.0,2.0,2.0,3.2,0.00123,14.486,2.62660965,2.135455
140,100.7,32.303901,10.36288,9.0,256.0,8.0,1024.0,1.0,8.0,2.0,2.2,0.001232,19.559,2.980410048,2.419164
141,39.213396,42.310974,45.65324,2.0,128.0,32.0,64.0,2.0,8.0,1.0,2.2,0.00025,130.55,4.2708125,17.08325
142,20.46748,45.058971,99.196917,1.0,16.0,32.0,128.0,1.0,1.0,1.0,2.6,0.000642,27.483,2.489512932,3.877746
143,100.7,27.798678,7.673947,9.0,1024.0,64.0,1024.0,8.0,1.0,2.0,2.2,0.00123,12.454,2.195118147,1.7846489
144,20.46748,40.710251,80.973552,1.0,128.0,32.0,128.0,4.0,8.0,1.0,2.0,0.00025,216.75,5.7672947500000005,23.069179
145,20.46748,31.843224,49.541562,1.0,2048.0,32.0,64.0,2.0,8.0,1.0,2.0,0.00123,15.102,2.6891367,2.18629
146,100.7,33.453172,11.113354,9.0,16.0,64.0,1024.0,8.0,1.0,2.0,3.1,0.00123,26.753,4.395278309999999,3.573397
147,39.213396,40.629302,42.096333,2.0,16.0,32.0,1024.0,2.0,8.0,1.0,2.0,0.00025,124.53,3.98240875,15.929635
148,20.46748,15.002274,10.996382,1.0,512.0,512.0,32768.0,8.0,8.0,8.0,2.6,0.000642,33.992,2.699862948,4.205394
149,100.7,33.443932,11.107216,9.0,16.0,64.0,1024.0,8.0,1.0,2.0,3.0,0.00123,274.02,19.80187209,16.099083
150,39.213396,39.443022,39.673994,2.0,128.0,128.0,1024.0,2.0,8.0,1.0,2.0,0.00025,124.53,3.984609500000001,15.938438
151,20.434253,39.836394,77.660694,1.0,512.0,32.0,128.0,4.0,1.0,8.0,3.9,0.000642,36.062,2.864706078,4.462159000000001
152,100.7,33.769536,11.324544,9.0,16.0,64.0,512.0,8.0,1.0,2.0,2.9,0.001232,18.178,2.808409296,2.279553
153,19.980159,31.389192,49.312992,2.0,128.0,32.0,64.0,2.0,4.0,1.0,2.6,0.00025,117.87,3.90814125,15.632565
154,56.069042,43.518451,33.777205,3.0,128.0,32.0,64.0,2.0,1.0,2.0,3.0,0.00126,24.22,4.5233496,3.58996
155,0.0,0.0,0.0,9.0,16.0,4.0,1024.0,8.0,1.0,16.0,3.7,0.000449,35.21,2.3532799420000003,5.241158
156,19.980159,30.540346,46.681947,2.0,128.0,32.0,64.0,2.0,8.0,1.0,2.5,0.0,0.0,0.0,0.0
157,20.46748,43.087099,90.704771,1.0,128.0,32.0,128.0,1.0,1.0,8.0,2.5,0.00126,27.483,4.77829044,3.792294
158,100.7,32.077018,10.217826,9.0,16.0,64.0,1024.0,8.0,16.0,2.0,2.9,0.00123,14.471,2.400633927,1.9517349
159,20.46748,41.750316,85.163828,1.0,16.0,32.0,64.0,2.0,8.0,2.0,2.0,0.00025,162.7,4.3314415,17.325766
160,20.46748,38.797379,73.542842,1.0,512.0,64.0,128.0,4.0,8.0,1.0,2.3,0.00123,14.279,2.55682437,2.078719
161,89.27305,28.053603,8.815702,10.0,8.0,512.0,1024.0,8.0,1.0,2.0,3.5,0.00123,17.038,2.96084493,2.407191
162,77.223926,38.581606,19.275637,5.0,128.0,32.0,64.0,2.0,8.0,1.0,2.0,0.000282,159.44,5.662955646,20.081403
163,20.434253,32.255523,50.915427,1.0,256.0,2048.0,64.0,1.0,8.0,8.0,3.2,0.000326,65.957,2.9940553940000005,9.184219
164,100.7,33.907842,11.417495,9.0,16.0,64.0,128.0,8.0,2.0,2.0,2.9,0.001232,31.648,4.283633200000001,3.476975
165,56.446188,27.514619,13.411964,8.0,16.0,32.0,64.0,1.0,1.0,1.0,2.4,0.00025,116.26,3.8763245,15.505298
166,20.46748,34.769162,59.064167,1.0,64.0,32.0,1024.0,2.0,16.0,2.0,2.0,0.000446,84.705,5.886991717999999,13.199533
167,0.0,0.0,0.0,9.0,16.0,4.0,1024.0,8.0,1.0,2.0,2.6,0.00123,26.687,3.68665071,2.997277
168,39.213396,40.329664,41.477708,2.0,32.0,32.0,64.0,2.0,16.0,1.0,2.0,0.0,0.0,0.0,0.0
169,20.46748,41.308304,83.370106,1.0,128.0,256.0,64.0,8.0,2.0,1.0,2.0,0.000642,32.068,2.740130472,4.268116
170,100.298805,31.708165,10.024125,9.0,256.0,64.0,2048.0,8.0,1.0,2.0,2.5,0.00123,16.067,2.61183489,2.123443
171,20.46748,42.67004,88.957329,1.0,16.0,32.0,64.0,1.0,8.0,1.0,2.7,0.000251,142.78,4.432800811,17.660561
172,20.434253,43.838878,94.050279,1.0,128.0,32.0,64.0,2.0,1.0,8.0,3.9,0.00123,14.079,2.44779102,1.990074
173,100.7,33.421788,11.092511,9.0,16.0,64.0,1024.0,8.0,1.0,2.0,2.8,0.001232,13.722,2.3190044416,1.8823088
174,19.980159,29.317504,43.018479,2.0,512.0,32.0,64.0,1.0,8.0,1.0,2.6,0.00025,124.53,3.9898915,15.959566
175,20.46748,37.451378,68.528503,1.0,128.0,32.0,128.0,1.0,16.0,8.0,2.2,0.00126,30.91,5.18521122,4.115247
176,100.7,31.682681,9.968146,9.0,256.0,64.0,1024.0,8.0,8.0,2.0,2.9,0.00123,18.9,3.17749467,2.583329
177,19.980159,27.071112,36.678642,2.0,1024.0,64.0,64.0,1.0,8.0,8.0,2.1,0.00025,151.74,4.43993475,17.759739
178,20.46748,40.071471,78.452393,1.0,512.0,32.0,64.0,2.0,1.0,2.0,2.6,0.00126,37.617,6.0814656,4.82656
179,78.918495,26.143628,8.660698,11.0,16.0,64.0,256.0,8.0,16.0,2.0,3.6,0.00123,16.471,2.77555527,2.256549
180,20.46748,40.21284,79.006917,1.0,128.0,32.0,128.0,2.0,8.0,8.0,2.0,0.000319,188.1,6.520617752,20.440808
181,20.46748,25.555613,31.908637,1.0,16.0,4.0,8192.0,1.0,8.0,1.0,2.6,0.00123,16.292,2.75607453,2.240711
182,100.7,25.377642,6.395479,9.0,16.0,64.0,32768.0,2.0,1.0,2.0,2.9,0.00123,75.374,6.824138400000001,5.548080000000001
183,77.223926,39.755811,20.466773,5.0,128.0,32.0,128.0,2.0,1.0,1.0,3.0,0.00025,331.5,6.92018825,27.680753
184,20.46748,35.976943,63.238876,1.0,512.0,128.0,128.0,1.0,16.0,8.0,2.6,0.000326,57.538,2.8198057860000003,8.649711
185,100.7,33.349447,11.044545,9.0,16.0,64.0,1024.0,8.0,2.0,2.0,2.4,0.00123,21.16,3.4432767599999994,2.799412
186,35.861823,30.900459,26.625483,4.0,16.0,32.0,128.0,1.0,1.0,1.0,3.6,0.00025,125.19,4.00721975,16.028879
187,20.46748,40.962089,81.978473,1.0,16.0,512.0,128.0,1.0,1.0,2.0,2.4,0.000702,43.575,4.667567112,6.648956
188,100.7,29.857879,8.852959,9.0,256.0,512.0,2048.0,8.0,1.0,2.0,2.2,0.00123,17.242,2.6561723310000005,2.1594897000000004
189,19.980159,30.177326,45.578767,2.0,16.0,32.0,128.0,1.0,16.0,1.0,2.6,0.00025,163.27,4.99922325,19.996893
190,20.46748,44.541757,96.932704,1.0,64.0,32.0,128.0,2.0,1.0,2.0,2.6,0.00126,31.345,4.893943320000001,3.884082
191,100.7,33.560814,11.184988,9.0,16.0,64.0,2048.0,2.0,2.0,2.0,3.0,0.00123,13.218,2.246393034,1.8263358
192,20.46748,44.474105,96.638477,1.0,16.0,32.0,64.0,1.0,1.0,8.0,2.0,0.00025,112.84,3.9569035,15.827614
193,35.70922,30.743045,26.467529,4.0,16.0,32.0,128.0,1.0,1.0,2.0,2.6,0.00123,12.999,2.253232449,1.8318963
194,100.7,33.585316,11.201325,9.0,16.0,32.0,1024.0,8.0,2.0,2.0,2.9,0.000705,43.944,4.71548838,6.688636
195,19.980159,32.121257,51.639989,2.0,16.0,32.0,128.0,1.0,1.0,2.0,2.5,0.00025,123.9,3.9511322499999992,15.804529
196,20.46748,45.097176,99.365202,1.0,16.0,8.0,128.0,4.0,1.0,1.0,2.6,0.00126,23.209,4.31951877,3.4281895
197,100.7,33.471674,11.12565,9.0,16.0,64.0,1024.0,8.0,1.0,2.0,3.3,0.00123,12.587,2.191400472,1.7816264
198,20.46748,45.330589,100.396449,1.0,16.0,32.0,64.0,1.0,1.0,1.0,2.5,0.00025,124.53,3.97800725,15.912029
199,20.46748,38.145081,71.090689,1.0,128.0,32.0,128.0,1.0,16.0,8.0,2.6,0.00123,12.163,2.16889098,1.763326
200,89.27305,29.612403,9.822611,10.0,16.0,64.0,2048.0,8.0,1.0,4.0,2.9,0.00123,18.9,3.06297429,2.490223
201,77.223926,40.52766,21.269202,5.0,16.0,32.0,128.0,2.0,1.0,1.0,2.6,0.000282,142.1,5.082450186,18.022873
202,20.46748,43.894481,94.135943,1.0,128.0,32.0,128.0,1.0,2.0,1.0,2.7,0.000326,54.3,2.713422206,8.323381
203,100.7,33.532602,11.166191,9.0,16.0,64.0,2048.0,4.0,2.0,2.0,2.9,0.00123,13.117,2.313132957,1.8805959
204,20.46748,45.107324,99.40993,1.0,32.0,8.0,128.0,1.0,1.0,1.0,2.6,0.00025,113.9,3.9635645,15.854258
205,20.434253,45.017009,99.173238,1.0,16.0,32.0,128.0,4.0,1.0,1.0,3.1,0.00123,12.399,2.190414504,1.7808248
206,100.7,33.799699,11.344783,9.0,16.0,64.0,128.0,8.0,2.0,8.0,2.6,0.001232,12.705,2.1992124,1.785075
207,20.46748,42.171938,86.892593,1.0,256.0,128.0,128.0,1.0,1.0,1.0,2.6,0.00025,117.25,3.901169,15.604676
208,20.46748,44.776774,97.958299,1.0,16.0,64.0,128.0,1.0,1.0,1.0,2.6,0.00123,14.542,2.5059552599999995,2.037362
209,100.7,31.84902,10.073089,9.0,256.0,64.0,2048.0,8.0,4.0,2.0,3.3,0.00123,12.707,2.222873958,1.8072146
210,74.482249,38.381388,19.778282,5.0,16.0,32.0,256.0,1.0,8.0,1.0,2.0,0.00025,142.55,4.393678749999999,17.574714999999998
211,20.46748,44.876947,98.397086,1.0,32.0,32.0,128.0,1.0,1.0,2.0,2.6,0.000338,64.862,3.025374118,8.950811
212,100.7,34.099446,11.546894,9.0,16.0,32.0,128.0,8.0,1.0,2.0,2.9,0.00123,12.915,2.212961388,1.7991556
213,20.46748,40.84918,81.527163,1.0,128.0,32.0,128.0,1.0,8.0,8.0,2.5,0.00025,114.3,3.832885,15.33154
214,20.46748,42.467593,88.115218,1.0,16.0,32.0,64.0,1.0,8.0,1.0,2.5,0.00123,16.218,2.67087612,2.171444
215,100.7,33.027751,10.832496,9.0,16.0,64.0,2048.0,8.0,2.0,2.0,2.9,0.00123,14.079,2.4711843900000003,2.009093
216,20.46748,41.862103,85.620491,1.0,16.0,32.0,128.0,1.0,8.0,1.0,2.2,0.00025,130.24,4.085662,16.342648
217,20.46748,44.694669,97.599384,1.0,16.0,32.0,64.0,1.0,1.0,8.0,2.6,0.00123,14.369,2.54318736,2.067632
218,100.7,33.864361,11.388232,9.0,4.0,64.0,128.0,8.0,2.0,2.0,2.2,0.00123,12.999,2.231048415,1.8138605
219,20.46748,35.9538,63.157543,1.0,1024.0,32.0,128.0,1.0,1.0,1.0,2.6,0.00025,115.8,3.8862852500000007,15.545141
220,20.46748,40.736289,81.077166,1.0,256.0,32.0,128.0,1.0,8.0,1.0,2.5,0.00123,22.74,3.44771091,2.803017
221,100.7,32.900523,10.7492,9.0,16.0,256.0,128.0,8.0,2.0,2.0,2.9,0.00123,15.49,2.68570008,2.183496
222,20.46748,40.745322,81.113126,1.0,16.0,32.0,128.0,8.0,8.0,1.0,2.1,0.00025,125.42,4.117322000000001,16.469288000000002
223,20.434253,40.297297,79.468143,1.0,16.0,32.0,1024.0,1.0,1.0,8.0,3.5,0.00123,16.451,2.68450944,2.182528
224,100.7,25.511348,6.463047,9.0,2048.0,64.0,128.0,8.0,16.0,2.0,2.4,0.001232,19.053,2.7445339152,2.2277061
225,6.267115,12.442728,24.703788,4.0,128.0,128.0,128.0,1.0,4.0,1.0,2.2,0.00025,237.09,6.847840499999999,27.391362
226,20.434253,43.085203,90.844263,1.0,128.0,32.0,128.0,8.0,1.0,2.0,3.3,0.004017,49.078,28.786524975,7.166175
227,100.7,33.753748,11.313958,9.0,16.0,64.0,512.0,8.0,2.0,2.0,2.9,0.001232,15.556,2.400845216,1.948738
228,20.46748,45.085189,99.312386,1.0,16.0,32.0,64.0,2.0,1.0,1.0,2.0,0.00025,118.53,3.911797999999999,15.647192
229,20.46748,45.178194,99.722549,1.0,16.0,32.0,64.0,1.0,1.0,1.0,2.1,0.00123,12.237,2.192565897,1.7825739
230,100.7,33.92404,11.428406,9.0,16.0,64.0,128.0,8.0,1.0,2.0,2.9,0.00123,12.163,2.183547783,1.7752421
231,20.46748,28.907556,40.828026,1.0,2048.0,32.0,2048.0,1.0,1.0,1.0,2.6,0.00025,115.6,3.87262375,15.490495
232,20.46748,45.590266,101.549988,1.0,16.0,4.0,64.0,1.0,1.0,1.0,2.6,0.00123,40.873,5.33332059,4.336033
233,100.7,33.827935,11.363746,9.0,64.0,8.0,512.0,8.0,1.0,2.0,2.9,0.00123,11.998,2.144253834,1.7432958
234,20.46748,45.436282,100.865165,1.0,4.0,32.0,64.0,2.0,1.0,2.0,2.7,0.00025,115.04,3.89465925,15.578637
235,20.46748,43.79861,93.725183,1.0,128.0,32.0,128.0,2.0,1.0,1.0,2.5,0.00123,12.304,2.158812237,1.7551319
236,100.7,33.197613,10.944206,9.0,128.0,64.0,128.0,8.0,1.0,2.0,2.3,0.00123,13.178,2.323270494,1.8888378
237,20.46748,41.926808,85.88538,1.0,256.0,32.0,256.0,2.0,1.0,1.0,2.3,0.00025,121.42,4.04395875,16.175835
238,20.46748,45.035766,99.094771,1.0,16.0,32.0,128.0,1.0,1.0,2.0,2.6,0.00123,15.392,2.53534365,2.061255
239,66.25,22.521551,7.656155,13.0,16.0,64.0,2048.0,8.0,1.0,2.0,2.9,0.00123,12.82,2.197380855,1.7864885
240,61.552567,31.682991,16.308205,6.0,16.0,256.0,256.0,4.0,1.0,1.0,2.0,0.00038,179.79,8.7866602,23.12279
241,20.46748,44.889945,98.454096,1.0,64.0,32.0,64.0,1.0,1.0,1.0,2.6,0.000409,74.604,4.439847965999999,10.855374
242,100.7,34.245032,11.645702,9.0,16.0,8.0,128.0,8.0,2.0,2.0,2.7,0.00123,12.483,2.211679974,1.7981138
243,20.46748,28.23762,38.957565,1.0,128.0,1024.0,4096.0,1.0,1.0,1.0,2.0,0.00025,110.57,3.80036475,15.201459
244,20.434253,39.383992,75.906803,1.0,16.0,32.0,128.0,1.0,16.0,8.0,3.1,0.00123,56.685,5.5893881400000005,4.544218
245,100.7,33.926583,11.430119,9.0,16.0,32.0,512.0,8.0,2.0,2.0,2.9,0.001232,18.081,2.873299968,2.332224
246,7.097547,11.389611,18.277193,4.0,16.0,1024.0,128.0,1.0,1.0,1.0,2.0,0.00025,117.29,3.87204325,15.488173
247,20.46748,45.277383,100.160912,1.0,16.0,16.0,64.0,1.0,1.0,1.0,2.0,0.003547,88.319,34.356004351,9.685933
248,100.7,33.589414,11.204059,9.0,16.0,32.0,1024.0,8.0,1.0,2.0,2.8,0.00123,12.064,2.173991298,1.7674726
249,19.980159,31.673261,50.209584,2.0,128.0,32.0,64.0,1.0,1.0,1.0,2.6,0.00025,123.29,3.95016825,15.800673000000002
250,19.980159,24.459252,29.942455,2.0,2048.0,32.0,64.0,1.0,1.0,4.0,2.6,0.00126,23.845,4.442576166,3.5258541
251,85.338983,31.97854,11.983117,9.0,16.0,32.0,128.0,1.0,1.0,2.0,3.5,0.00126,51.614,7.449619716000001,5.9123966
252,20.46748,45.417496,100.781778,1.0,16.0,32.0,64.0,1.0,1.0,1.0,2.8,0.000295,95.713,4.35816008,14.773424
253,20.46748,20.396443,20.325652,1.0,16.0,32.0,16384.0,1.0,1.0,1.0,2.6,0.00123,12.163,2.160598443,1.7565841
254,100.7,28.960704,8.328922,9.0,1024.0,64.0,128.0,8.0,2.0,2.0,3.1,0.00123,126.37,10.713011688,8.7097656
255,19.964314,32.579902,53.167367,2.0,16.0,4.0,64.0,1.0,4.0,1.0,2.9,0.00025,187.72,5.31376325,21.255053
256,20.434253,45.470191,101.180027,1.0,16.0,32.0,64.0,1.0,1.0,1.0,3.2,0.001261,22.732,4.1987585094,3.3297054
257,100.298805,33.786129,11.381018,9.0,16.0,64.0,128.0,8.0,2.0,2.0,2.5,0.001232,12.163,2.1555935632,1.7496701
258,20.46748,45.090243,99.334654,1.0,16.0,8.0,64.0,1.0,1.0,4.0,2.0,0.000251,116.26,3.904303493999999,15.554994
259,19.980159,31.939689,51.057838,2.0,16.0,32.0,128.0,2.0,2.0,2.0,2.6,0.00123,12.54,2.192074389,1.7821743
260,100.7,33.722048,11.292716,9.0,16.0,8.0,1024.0,8.0,4.0,2.0,3.0,0.00126,23.504,4.36876902,3.467277
261,20.46748,45.22015,99.907852,1.0,16.0,32.0,64.0,1.0,1.0,1.0,2.2,0.00025,121.1,3.919156,15.676624
262,20.434253,42.720555,89.313065,1.0,16.0,256.0,256.0,1.0,1.0,1.0,3.3,0.00123,12.163,2.179497885,1.7719494999999998
263,100.7,33.989745,11.472719,9.0,32.0,32.0,128.0,8.0,2.0,2.0,2.9,0.001232,15.366,2.44200572,1.9821475
264,20.434253,45.340488,100.603621,1.0,16.0,8.0,128.0,1.0,1.0,1.0,3.1,0.00025,115.78,3.857666,15.430664
265,20.46748,27.14061,35.98942,1.0,4096.0,32.0,64.0,1.0,1.0,1.0,2.6,0.001232,12.309,2.1679439936,1.7596948
266,85.080798,18.231176,3.90659,9.0,16.0,4096.0,128.0,8.0,1.0,2.0,2.1,0.00123,46.146,6.05036016,4.918992
267,36.538462,31.226223,26.686318,4.0,16.0,32.0,64.0,1.0,1.0,1.0,2.9,0.00025,435.17,9.5718355,38.287342
268,19.980159,32.044005,51.391896,2.0,16.0,32.0,64.0,1.0,1.0,4.0,2.6,0.000689,43.285,4.570687511000001,6.633799
269,100.7,34.008987,11.485712,9.0,16.0,64.0,128.0,8.0,1.0,2.0,3.9,0.00126,23.077,4.34037114,3.444739
270,20.46748,34.412171,57.857514,1.0,512.0,1024.0,64.0,1.0,1.0,2.0,2.6,0.00025,115.6,3.853302,15.413208
271,20.46748,44.207282,95.482386,1.0,16.0,32.0,256.0,1.0,1.0,1.0,2.6,0.00123,27.609,3.76353801,3.059787
272,100.298805,32.926943,10.809536,9.0,16.0,64.0,2048.0,8.0,1.0,2.0,2.5,0.00123,13.84,2.280514341,1.8540767
273,20.46748,36.65926,65.660323,1.0,16.0,32.0,2048.0,1.0,1.0,1.0,2.4,0.000251,129.58,4.110717359999999,16.37736
274,19.980159,31.875914,50.854145,2.0,32.0,32.0,64.0,1.0,1.0,8.0,3.0,0.00123,26.603,3.3162942660000003,2.6961742
275,100.7,33.777567,11.329931,9.0,16.0,64.0,128.0,8.0,1.0,2.0,2.0,0.00126,23.563,4.3862679,3.481165
276,20.46748,40.590193,80.49666,1.0,16.0,32.0,1024.0,1.0,1.0,1.0,2.4,0.00025,115.6,3.906283,15.625132
277,20.46748,44.151707,95.242467,1.0,128.0,32.0,64.0,1.0,1.0,1.0,2.6,0.00123,19.648,2.7050681519999995,2.1992424
278,100.7,33.274847,10.995188,9.0,128.0,64.0,128.0,8.0,2.0,2.0,2.9,0.00123,12.813,2.286259056,1.8587472
279,35.912981,30.418011,25.763814,4.0,16.0,128.0,64.0,1.0,1.0,4.0,2.6,0.00025,121.54,4.02520775,16.100831
280,0.0,0.0,0.0,1.0,16.0,4.0,64.0,8.0,1.0,1.0,2.6,0.000701,46.265,4.816802330000001,6.87133
281,100.298805,34.053016,11.561533,9.0,16.0,16.0,128.0,8.0,1.0,1.0,2.4,0.0,0.0,0.0,0.0
282,20.46748,44.572256,97.065494,1.0,16.0,128.0,64.0,1.0,1.0,1.0,2.6,0.000251,113.33,3.843344127999999,15.312128
283,20.46748,45.360848,100.530529,1.0,16.0,32.0,64.0,1.0,1.0,1.0,2.6,0.00123,12.778,2.243319879,1.8238373
284,66.25,22.741472,7.806408,13.0,64.0,64.0,128.0,8.0,1.0,2.0,2.9,0.00123,12.163,2.165998266,1.7609742
285,20.46748,36.106411,63.694845,1.0,1024.0,32.0,64.0,1.0,1.0,1.0,2.6,0.00038,169.95,8.617540060000001,22.677737
286,20.434253,40.73278,81.195008,1.0,512.0,4.0,64.0,1.0,1.0,1.0,3.5,0.00123,22.453,3.41862756,2.779372
287,100.7,31.523989,9.868539,9.0,16.0,512.0,128.0,1.0,4.0,2.0,2.6,0.001232,16.105,2.686162864,2.180327
288,19.980159,30.577272,46.794903,2.0,16.0,256.0,64.0,4.0,1.0,8.0,2.6,0.00025,137.6,4.4847485,17.938994
289,20.46748,37.246621,67.78122,1.0,1024.0,32.0,64.0,1.0,4.0,1.0,2.6,0.00126,26.365,4.766756399999999,3.78314
290,100.298805,31.706787,10.023254,9.0,256.0,64.0,2048.0,8.0,2.0,2.0,2.5,0.00123,20.211,3.2125263000000004,2.61181
291,20.46748,42.634406,88.808814,1.0,256.0,64.0,64.0,1.0,1.0,4.0,2.6,0.000251,142.78,4.433186095999999,17.662096
292,56.069042,42.76443,32.616867,3.0,16.0,16.0,1024.0,4.0,1.0,1.0,3.2,0.00123,14.418,2.45188446,1.993402
293,100.7,30.846633,9.449005,9.0,512.0,64.0,256.0,8.0,2.0,2.0,2.0,0.000449,40.937,2.4369973390000004,5.427611000000001
294,20.46748,45.524848,101.258769,1.0,16.0,4.0,64.0,1.0,1.0,2.0,2.5,0.00025,147.67,4.68387075,18.735483
295,20.46748,39.942394,77.94779,1.0,512.0,4.0,64.0,1.0,1.0,1.0,2.2,0.00123,12.125,2.150420685,1.7483095
296,73.6036,15.459856,3.247221,9.0,16.0,4096.0,4096.0,8.0,2.0,2.0,3.3,0.00123,16.105,2.79352311,2.271157
297,20.46748,45.621101,101.687403,1.0,16.0,4.0,64.0,1.0,1.0,1.0,2.7,0.00025,467.87,9.9620495,39.848198
298,20.46748,40.204892,78.975689,1.0,512.0,4.0,64.0,1.0,1.0,1.0,2.5,0.00123,11.998,2.1413562,1.7409400000000002
299,100.7,34.015491,11.490106,9.0,16.0,32.0,128.0,8.0,4.0,2.0,2.8,0.00123,16.105,2.75716431,2.241597
300,20.434253,45.741257,102.389972,1.0,16.0,4.0,64.0,1.0,1.0,1.0,3.4,0.00025,116.67,3.8518285,15.407314
301,20.46748,44.214281,95.512621,1.0,16.0,32.0,64.0,8.0,1.0,1.0,2.6,0.001232,11.998,2.1301208544,1.7289942
302,100.7,30.582208,9.287701,9.0,256.0,512.0,128.0,8.0,2.0,2.0,2.9,0.00123,14.246,2.279792454,1.8534898
303,89.27305,29.382697,9.670812,10.0,16.0,32.0,4096.0,1.0,1.0,1.0,2.6,0.00025,149.3,4.76521775,19.060871
304,20.434253,40.876395,81.76857,1.0,16.0,4.0,1024.0,1.0,1.0,1.0,3.3,0.000282,13.0,5.162227422,18.305771
305,100.7,33.931172,11.433212,9.0,16.0,64.0,64.0,8.0,2.0,2.0,2.9,0.001232,19.483,2.6673209024,2.1650332
306,20.46748,44.466111,96.603735,1.0,16.0,4.0,256.0,1.0,1.0,1.0,2.8,0.00025,115.73,3.870996,15.483984
307,20.46748,45.575234,101.483037,1.0,16.0,8.0,64.0,1.0,1.0,1.0,2.6,0.00123,13.68,2.254042773,1.8325551
308,100.7,33.882814,11.400647,9.0,16.0,64.0,128.0,8.0,2.0,4.0,2.9,0.00123,12.018,2.145668457,1.7444459
309,77.223926,39.648385,20.356313,5.0,4.0,32.0,1024.0,1.0,1.0,1.0,2.6,0.00025,116.56,3.88205325,15.528213
310,20.46748,45.39117,100.664974,1.0,16.0,32.0,64.0,1.0,1.0,1.0,2.7,0.000326,60.808,2.835106922,8.696647
311,100.7,28.306709,7.956999,9.0,4.0,16.0,16384.0,8.0,1.0,2.0,2.3,0.00123,12.163,2.163105429,1.7586223
312,20.46748,45.665215,101.884156,1.0,8.0,4.0,64.0,1.0,1.0,1.0,2.6,0.00025,237.78,5.562137,22.248548
313,20.46748,45.250645,100.042648,1.0,16.0,4.0,128.0,1.0,1.0,1.0,2.5,0.00123,11.956,2.13722094,1.7375779999999998
314,70.225982,17.261603,4.242916,8.0,16.0,2048.0,32768.0,8.0,2.0,1.0,2.1,0.00123,12.289,2.17656126,1.769562
315,20.46748,45.18462,99.75092,1.0,32.0,4.0,64.0,1.0,1.0,1.0,2.0,0.000318,424.7,11.769800736,37.011952
316,20.434253,45.882976,103.025419,1.0,8.0,4.0,64.0,1.0,1.0,1.0,3.8,0.00123,12.088,2.182926756,1.7747372
317,100.7,34.179277,11.601023,9.0,16.0,8.0,128.0,8.0,2.0,2.0,2.3,0.001232,11.956,2.11698256,1.71833
318,20.46748,45.156487,99.626741,1.0,16.0,4.0,64.0,4.0,1.0,1.0,2.0,0.00025,110.57,3.81500125,15.260005
319,20.46748,28.377907,39.345617,1.0,16.0,4096.0,64.0,1.0,1.0,8.0,2.6,0.00123,12.278,2.1856476390000004,1.7769493
320,100.7,34.115077,11.557482,9.0,16.0,32.0,128.0,8.0,2.0,2.0,3.2,0.00123,50.274,5.534261999999999,4.4994
321,20.46748,26.121941,33.338535,1.0,16.0,4.0,8192.0,1.0,1.0,1.0,2.6,0.00025,115.03,3.8293735,15.317494
322,0.0,0.0,0.0,1.0,1024.0,4.0,64.0,8.0,1.0,2.0,2.5,0.00123,73.46,6.531449321999999,5.3101214
323,100.7,34.258229,11.65468,9.0,16.0,8.0,128.0,8.0,2.0,2.0,2.8,0.0,0.0,0.0,0.0
324,20.46748,44.926274,98.613513,1.0,16.0,4.0,64.0,1.0,4.0,1.0,2.7,0.00025,110.57,3.7974375,15.18975
325,20.46748,19.818156,19.189432,1.0,16.0,4.0,16384.0,1.0,8.0,8.0,2.6,0.00123,12.255,2.20810461,1.795207
326,85.338983,32.115651,12.086095,9.0,16.0,8.0,128.0,2.0,2.0,2.0,3.7,0.00123,146.9,11.34733671,9.225477
327,20.46748,38.333143,71.793394,1.0,16.0,64.0,64.0,1.0,16.0,1.0,2.1,0.000295,95.877,4.321026955000001,14.647549
328,20.46748,43.113682,90.81673,1.0,32.0,4.0,512.0,1.0,1.0,1.0,2.6,0.00123,16.676,3.03299427,2.465849
329,100.7,29.144353,8.434889,9.0,1024.0,8.0,128.0,8.0,2.0,2.0,2.7,0.00123,14.989,2.397674424,1.9493288
330,44.875223,31.17662,21.659651,5.0,16.0,4.0,64.0,1.0,1.0,1.0,3.1,0.00025,182.0,5.2470065,20.988026
331,20.46748,45.327649,100.383429,1.0,16.0,4.0,64.0,1.0,1.0,4.0,2.6,0.000561,52.821,4.585243178999999,8.173338999999999
332,100.7,25.877622,6.649963,9.0,64.0,2048.0,128.0,8.0,2.0,2.0,3.1,0.00123,12.527,2.1691722810000003,1.7635547
333,20.46748,40.350266,79.547848,1.0,512.0,4.0,64.0,1.0,1.0,1.0,2.7,0.00025,241.04,6.655362500000001,26.62145
334,20.46748,37.797173,69.799816,1.0,128.0,4.0,64.0,1.0,16.0,1.0,2.0,0.00123,16.105,2.73733302,2.225474
335,100.7,32.92956,10.768182,9.0,16.0,256.0,128.0,8.0,2.0,2.0,3.2,0.00123,17.078,3.1196207100000004,2.536277
336,20.46748,45.435545,100.861895,1.0,16.0,8.0,64.0,1.0,1.0,1.0,2.2,0.00025,125.42,4.110064,16.440256
337,20.46748,45.505424,101.172377,1.0,8.0,4.0,64.0,2.0,1.0,2.0,2.4,0.00123,12.018,2.158882224,1.7551888
338,72.971014,24.712992,8.369514,12.0,16.0,128.0,128.0,8.0,2.0,2.0,2.3,0.00123,12.17,2.152256952,1.7498024
339,19.964314,31.291844,49.046489,2.0,256.0,4.0,64.0,1.0,1.0,1.0,2.6,0.000345,157.94,7.29742758,21.151964
340,20.434253,40.472469,80.160541,1.0,512.0,4.0,128.0,1.0,1.0,1.0,3.4,0.001261,25.16,4.5515375087,3.6094667
341,72.161406,15.35141,3.265815,9.0,16.0,2048.0,32768.0,4.0,2.0,2.0,2.7,0.001232,16.396,2.720827648,2.208464
342,20.434253,45.582217,101.679197,1.0,32.0,4.0,64.0,1.0,1.0,1.0,3.4,0.000251,471.58,9.789090611,39.000361
343,20.434253,29.587625,42.841181,1.0,2048.0,1024.0,64.0,1.0,1.0,1.0,3.1,0.001232,12.088,2.145011176,1.7410805
344,100.7,34.28698,11.67425,9.0,16.0,8.0,128.0,8.0,1.0,2.0,2.9,0.001232,37.656,5.090966496,4.132278
345,20.46748,44.363187,96.157045,1.0,128.0,4.0,64.0,1.0,1.0,1.0,2.6,0.00025,109.9,3.7910715,15.164286
346,0.0,0.0,0.0,1.0,64.0,4.0,64.0,8.0,1.0,2.0,3.1,0.00123,12.647,2.264513763,1.8410681
347,100.7,25.249307,6.330958,9.0,16.0,8.0,32768.0,8.0,2.0,2.0,2.4,0.0,0.0,0.0,0.0
348,20.46748,45.097688,99.367461,1.0,64.0,8.0,64.0,1.0,1.0,1.0,2.6,0.00025,343.86,6.990713500000001,27.962854
349,20.46748,45.079085,99.285496,1.0,64.0,4.0,64.0,1.0,1.0,1.0,2.5,0.00123,12.338,2.191350657,1.7815859
350,72.971014,25.289476,8.764543,12.0,16.0,8.0,128.0,8.0,2.0,2.0,2.7,0.00123,12.318,2.193159741,1.7830567
351,20.46748,42.551291,88.462889,1.0,8.0,128.0,64.0,8.0,4.0,1.0,2.0,0.000345,146.55,6.968523899999999,20.19862
352,20.46748,40.086813,78.51248,1.0,512.0,4.0,64.0,4.0,1.0,1.0,2.5,0.00123,14.912,2.46147231,2.001197
353,0.0,0.0,0.0,9.0,16.0,8.0,128.0,16.0,2.0,2.0,2.7,0.00123,16.385,2.77343106,2.254822
354,61.552567,33.224497,17.933732,6.0,16.0,4.0,64.0,2.0,2.0,1.0,2.2,0.0,0.0,0.0,0.0
355,20.434253,45.917495,103.180496,1.0,4.0,4.0,64.0,1.0,1.0,1.0,3.8,0.000409,63.995,4.0374169150000006,9.871435
356,100.7,34.159759,11.587777,9.0,32.0,8.0,128.0,8.0,1.0,2.0,2.7,0.001232,11.938,2.1138007968,1.7157474
357,0.0,0.0,0.0,1.0,8.0,4.0,64.0,8.0,1.0,1.0,3.8,0.00025,110.71,3.81936225,15.277449
358,20.434253,36.118349,63.840609,1.0,1024.0,4.0,256.0,1.0,1.0,1.0,3.5,0.0,0.0,0.0,0.0
359,100.7,31.188916,9.659866,9.0,512.0,8.0,128.0,8.0,2.0,2.0,2.1,0.001232,23.967,3.4163680320000003,2.773026
360,20.434253,37.784244,69.86549,1.0,8.0,1024.0,64.0,1.0,1.0,1.0,3.4,0.00025,141.23,4.5816285,18.326514
361,20.46748,42.691959,89.048746,1.0,16.0,4.0,128.0,1.0,8.0,1.0,2.8,0.001232,23.34,3.1217560528000003,2.5338929
362,100.7,25.240551,6.326568,9.0,16.0,8.0,32768.0,8.0,2.0,2.0,2.3,0.00123,14.204,2.44527813,1.988031
363,20.46748,35.257432,60.734713,1.0,16.0,4.0,2048.0,1.0,8.0,1.0,2.6,0.00025,343.86,6.9955645,27.982258
364,20.434253,45.189176,99.933264,1.0,8.0,4.0,64.0,1.0,1.0,8.0,3.8,0.00123,28.349,3.58524705,2.914835
365,100.7,34.262397,11.657516,9.0,16.0,8.0,128.0,8.0,1.0,2.0,2.7,0.001232,12.792,2.1824866448,1.7714989
366,20.434253,45.757883,102.464418,1.0,16.0,4.0,64.0,1.0,1.0,1.0,3.5,0.00025,109.9,3.7965135,15.186054
367,20.434253,45.137118,99.703151,1.0,64.0,32.0,64.0,1.0,1.0,1.0,3.9,0.001232,11.998,2.128573216,1.727738
368,100.7,25.21492,6.313726,9.0,16.0,32.0,32768.0,8.0,2.0,2.0,2.9,0.001232,12.483,2.1875238,1.7755875
369,77.223926,40.176827,20.902556,5.0,32.0,4.0,512.0,1.0,1.0,8.0,3.8,0.00025,348.32,7.00979375,28.039175
370,20.434253,43.694373,93.431272,1.0,128.0,128.0,64.0,2.0,1.0,1.0,3.6,0.000326,58.001,2.761017554,8.469379
371,89.27305,30.298032,10.282731,10.0,16.0,64.0,128.0,8.0,1.0,2.0,2.7,0.001232,13.442,2.3343684672,1.8947796
372,20.46748,42.148506,86.796057,1.0,16.0,4.0,64.0,1.0,8.0,1.0,2.1,0.000282,128.1,4.855026492,17.216406
373,20.46748,29.793067,43.367666,1.0,512.0,4.0,4096.0,1.0,1.0,1.0,2.5,0.00123,13.913,2.50874244,2.039628
374,100.7,34.230599,11.635888,9.0,16.0,16.0,128.0,8.0,1.0,2.0,3.3,0.00123,48.77,5.020997759999999,4.082112
375,20.46748,42.930321,90.045894,1.0,256.0,4.0,64.0,1.0,1.0,1.0,2.0,0.00025,113.0,3.80357025,15.214281
376,20.434253,45.722577,102.306358,1.0,16.0,4.0,64.0,1.0,1.0,1.0,3.3,0.00123,13.471,2.4181996800000003,1.966016
377,85.338983,31.63201,11.724818,9.0,16.0,8.0,128.0,8.0,1.0,2.0,3.7,0.001232,11.998,2.1318617936,1.7304073
378,20.434253,45.739734,102.383151,1.0,8.0,4.0,64.0,1.0,1.0,1.0,3.0,0.000295,109.9,4.45417078,15.098884
379,20.434253,45.49091,101.272254,1.0,4.0,16.0,128.0,1.0,1.0,2.0,3.8,0.001232,11.956,2.1302627808000003,1.7291094
380,100.7,31.650332,9.947801,9.0,16.0,512.0,128.0,8.0,1.0,1.0,2.7,0.001232,12.665,2.1536304944,1.7480767
381,20.434253,45.805782,102.679048,1.0,16.0,4.0,64.0,1.0,1.0,1.0,3.8,0.00025,135.73,4.44901525,17.796060999999998
382,20.434253,24.122735,28.477007,1.0,1024.0,4.0,8192.0,1.0,1.0,1.0,3.9,0.001232,11.998,2.124123848,1.7241265
383,78.918495,27.406151,9.517377,11.0,32.0,8.0,128.0,8.0,1.0,2.0,2.9,0.001232,83.722,7.658916496,6.216653
384,20.434253,45.851748,102.885227,1.0,8.0,8.0,64.0,1.0,1.0,1.0,3.8,0.000319,134.74,5.933683272000001,18.600888
385,20.46748,36.577745,65.368646,1.0,16.0,4.0,2048.0,4.0,1.0,1.0,2.0,0.001232,11.97,2.1198671648,1.7206714
386,100.7,34.229828,11.635364,9.0,16.0,8.0,128.0,8.0,2.0,2.0,2.6,0.00123,26.717,3.331091658,2.7082046
387,20.434253,45.847526,102.866282,1.0,8.0,4.0,64.0,1.0,1.0,2.0,3.8,0.00025,110.57,3.8037415,15.214966
388,20.46748,43.714253,93.364495,1.0,4.0,256.0,64.0,1.0,1.0,1.0,2.6,0.001232,12.083,2.1202575856,1.7209883
389,56.573034,29.60917,15.496834,7.0,16.0,8.0,128.0,1.0,1.0,2.0,2.9,0.00123,13.624,2.332245804,1.8961348
390,20.434253,43.953032,94.54072,1.0,8.0,128.0,64.0,8.0,1.0,1.0,3.8,0.000445,74.001,5.083560295,11.423731
391,20.434253,44.873471,98.541813,1.0,8.0,128.0,64.0,1.0,1.0,1.0,3.8,0.001232,14.66,2.3069743312,1.8725441
392,100.7,34.337311,11.70855,9.0,16.0,8.0,128.0,8.0,1.0,2.0,3.4,0.001232,12.737,2.2133042624000003,1.7965132
393,20.434253,44.68495,97.715575,1.0,128.0,4.0,64.0,1.0,1.0,1.0,3.8,0.00025,109.9,3.77996575,15.119863
394,20.46748,45.672632,101.917255,1.0,16.0,4.0,64.0,1.0,1.0,1.0,2.9,0.001232,12.647,2.2320189584000003,1.8117037
395,100.7,32.921994,10.763234,9.0,256.0,8.0,128.0,8.0,1.0,2.0,2.9,0.00123,11.998,2.136526851,1.7370137
396,20.434253,45.868592,102.960832,1.0,8.0,4.0,64.0,1.0,1.0,1.0,3.7,0.00025,123.1,4.11195325,16.447813
397,20.46748,41.994747,86.163946,1.0,128.0,4.0,64.0,1.0,8.0,1.0,2.6,0.001232,11.956,2.1183105328,1.7194079
398,100.7,34.292809,11.67822,9.0,16.0,8.0,128.0,8.0,2.0,2.0,3.1,0.00123,14.39,2.52714693,2.054591
399,20.434253,45.853832,102.89458,1.0,4.0,4.0,64.0,1.0,1.0,1.0,3.4,0.00025,110.57,3.78978275,15.159131
400,20.46748,38.683666,73.112373,1.0,8.0,1024.0,64.0,8.0,1.0,1.0,2.6,0.001232,11.938,2.11967448,1.720515
401,85.338983,31.617428,11.714011,9.0,16.0,8.0,128.0,8.0,1.0,2.0,3.5,0.00123,19.58,2.97827772,2.421364
402,20.434253,44.580763,97.260437,1.0,4.0,4.0,256.0,1.0,1.0,1.0,3.0,0.000295,109.9,4.45828013,15.112814
403,20.434253,38.922572,74.138583,1.0,512.0,4.0,512.0,1.0,1.0,1.0,3.2,0.001232,13.62,2.2424638544,1.8201817
404,100.298805,28.310586,7.991015,9.0,16.0,8.0,16384.0,8.0,1.0,2.0,2.7,0.001232,19.004,2.941828736,2.387848
405,20.434253,45.886059,103.039265,1.0,4.0,8.0,64.0,1.0,1.0,1.0,3.8,0.000251,234.53,5.560613839999999,22.15384
406,20.434253,43.45151,92.395532,1.0,256.0,32.0,64.0,1.0,1.0,1.0,3.8,0.001232,11.958,2.1166980912,1.7180991
407,100.7,31.112117,9.612352,9.0,16.0,8.0,8192.0,8.0,1.0,2.0,3.7,0.001232,13.636,2.3605363936000003,1.9160198
408,20.434253,44.905648,98.683187,1.0,4.0,128.0,64.0,1.0,1.0,1.0,3.8,0.00025,172.19,4.60427575,18.417103
409,20.434253,44.4787,96.815614,1.0,128.0,4.0,64.0,1.0,1.0,1.0,3.0,0.001232,12.718,2.210133464,1.7939395
410,100.7,31.649332,9.947172,9.0,16.0,512.0,128.0,8.0,1.0,2.0,2.7,0.001232,12.647,2.2527669472,1.8285446
411,20.46748,45.247575,100.029076,1.0,32.0,4.0,64.0,1.0,2.0,1.0,2.7,0.00025,136.1,4.4492965,17.797186
412,20.434253,40.92686,81.970593,1.0,16.0,4.0,1024.0,1.0,1.0,1.0,3.7,0.00123,12.155,2.176856583,1.7698021
413,100.7,25.289617,6.351189,9.0,16.0,8.0,32768.0,8.0,1.0,2.0,2.9,0.001232,19.483,2.6607470736,2.1596973
414,20.434253,45.648628,101.975698,1.0,32.0,4.0,64.0,1.0,1.0,1.0,3.8,0.00025,343.2,6.968446,27.873784
415,20.434253,45.601785,101.766516,1.0,4.0,4.0,128.0,1.0,1.0,1.0,3.8,0.001232,12.088,2.1387744224000005,1.7360182000000002
416,89.27305,30.319005,10.296972,10.0,16.0,64.0,128.0,8.0,1.0,2.0,2.9,0.001232,12.229,2.1431706912,1.7395866
417,20.434253,45.089158,99.491385,1.0,4.0,8.0,64.0,1.0,4.0,4.0,3.6,0.000282,128.1,4.84831179,17.192595
418,20.434253,45.791188,102.613628,1.0,16.0,4.0,64.0,1.0,1.0,1.0,3.7,0.001232,12.742,2.1921798976000004,1.7793668
419,100.7,33.564536,11.187469,9.0,128.0,8.0,256.0,8.0,1.0,2.0,2.9,0.001232,11.998,2.1254780624,1.7252257
420,20.434253,40.784956,81.403152,1.0,512.0,16.0,64.0,1.0,1.0,1.0,3.8,0.00025,116.47,3.956026,15.824103999999998
421,20.434253,45.774115,102.537124,1.0,4.0,4.0,64.0,1.0,1.0,1.0,3.0,0.001232,16.171,2.679294464,2.174752
422,100.7,34.298808,11.682306,9.0,16.0,8.0,128.0,8.0,1.0,2.0,3.0,0.001232,11.938,2.1270638928,1.7265129
423,20.46748,45.559491,101.412938,1.0,16.0,4.0,64.0,1.0,1.0,1.0,2.5,0.00025,109.9,3.78845725,15.153829
424,20.434253,45.398273,100.860217,1.0,4.0,64.0,64.0,1.0,1.0,1.0,3.8,0.00123,11.998,2.147151591,1.7456517
425,100.7,34.039458,11.506303,9.0,16.0,8.0,512.0,8.0,1.0,2.0,2.3,0.001232,12.356,2.162428576,1.755218
426,20.46748,45.358193,100.518759,1.0,32.0,4.0,64.0,1.0,1.0,1.0,2.4,0.00025,112.17,3.846406500000001,15.385626
427,20.434253,45.540002,101.49095,1.0,16.0,4.0,64.0,1.0,1.0,4.0,3.8,0.00123,12.088,2.166251892,1.7611804
428,100.7,25.968404,6.696703,9.0,16.0,2048.0,256.0,8.0,1.0,2.0,2.9,0.001232,12.527,2.1489897968,1.7443099
429,20.46748,45.786787,102.427359,1.0,4.0,4.0,64.0,1.0,1.0,1.0,2.9,0.00025,238.73,6.60891125,26.435645
430,20.434253,31.858973,49.671212,1.0,16.0,4.0,4096.0,1.0,1.0,1.0,3.8,0.00123,11.938,2.125886613,1.7283631
431,0.0,0.0,0.0,9.0,16.0,8.0,128.0,8.0,8.0,16.0,2.9,0.001232,44.683,4.3909339936,3.5640698
432,20.46748,44.457725,96.567302,1.0,4.0,4.0,256.0,1.0,1.0,1.0,2.4,0.0,0.0,0.0,0.0
433,20.434253,45.814944,102.720127,1.0,4.0,4.0,64.0,1.0,1.0,1.0,3.2,0.00123,13.62,2.254893195,1.8332465
434,0.0,0.0,0.0,9.0,16.0,4.0,4096.0,8.0,1.0,1.0,3.4,0.001232,11.938,2.123274384,1.723437
435,0.0,0.0,0.0,1.0,4.0,4.0,64.0,16.0,1.0,1.0,3.8,0.0,0.0,0.0,0.0
436,20.434253,43.977888,94.647678,1.0,128.0,4.0,64.0,1.0,1.0,8.0,3.5,0.0,0.0,0.0,0.0
437,100.7,33.886078,11.402843,9.0,16.0,64.0,128.0,8.0,1.0,2.0,2.6,0.001232,13.483,2.304367296,1.870428
438,20.434253,36.873249,66.537125,1.0,1024.0,4.0,64.0,1.0,1.0,1.0,3.8,0.00025,115.6,3.8813055,15.525222
439,20.434253,44.971889,98.974538,1.0,4.0,32.0,64.0,1.0,1.0,8.0,3.6,0.001232,22.288,3.27791464,2.660645
440,100.7,33.558035,11.183135,9.0,8.0,8.0,128.0,8.0,8.0,2.0,2.2,0.001232,12.939,2.2036275184,1.7886586999999998
441,39.213396,45.376567,52.508405,2.0,4.0,4.0,64.0,1.0,2.0,1.0,2.4,0.00025,123.62,3.957559,15.830236
442,20.46748,45.747005,102.249448,1.0,8.0,4.0,64.0,1.0,1.0,1.0,2.9,0.000642,22.263,2.164497864,3.371492
443,100.7,30.841958,9.44614,9.0,64.0,8.0,8192.0,8.0,1.0,2.0,3.0,0.00123,11.956,2.129585592,1.7313704
444,20.434253,45.794516,102.628547,1.0,4.0,4.0,64.0,1.0,1.0,1.0,3.1,0.00025,175.06,4.685290999999999,18.741164
445,20.434253,31.899899,49.798911,1.0,4.0,4.0,4096.0,1.0,1.0,1.0,3.9,0.001232,11.938,2.1251690768,1.7249749
446,100.7,31.05204,9.575265,9.0,16.0,8.0,8192.0,8.0,1.0,2.0,2.9,0.001232,44.623,4.3796743760000005,3.5549305
447,0.0,0.0,0.0,1.0,16.0,4.0,64.0,8.0,1.0,1.0,3.8,0.00025,172.19,4.622108750000001,18.488435
448,20.434253,36.804301,66.288528,1.0,1024.0,4.0,64.0,4.0,1.0,1.0,3.8,0.0,0.0,0.0,0.0
449,89.27305,28.872962,9.338182,10.0,16.0,8.0,4096.0,8.0,1.0,8.0,3.0,0.001232,22.567,3.290207536,2.670623
450,30.222089,32.847764,35.701557,3.0,4.0,4.0,64.0,1.0,1.0,8.0,3.8,0.000282,161.57,5.346108342,18.957831
451,0.0,0.0,0.0,1.0,4.0,4.0,64.0,16.0,1.0,1.0,2.7,0.000833,33.08,4.130558782,4.958654
452,100.7,34.158659,11.58703,9.0,16.0,8.0,128.0,8.0,1.0,2.0,2.1,0.0,0.0,0.0,0.0
453,0.0,0.0,0.0,1.0,4.0,4.0,64.0,1.0,8.0,1.0,3.8,0.00025,109.9,3.81960825,15.278433
454,20.434253,45.78403,102.581549,1.0,4.0,4.0,64.0,4.0,1.0,1.0,3.8,0.0,0.0,0.0,0.0
455,100.7,33.652898,11.24645,9.0,16.0,8.0,1024.0,8.0,1.0,2.0,2.1,0.001232,12.218,2.1261427264,1.7257652
456,20.434253,41.015968,82.327923,1.0,4.0,4.0,1024.0,1.0,1.0,1.0,3.8,0.00025,118.83,3.93527875,15.741115
457,20.434253,45.649685,101.980421,1.0,4.0,4.0,64.0,1.0,1.0,4.0,3.8,0.001232,19.423,2.649198552,2.1503235
458,100.7,33.551097,11.178511,9.0,16.0,128.0,256.0,8.0,1.0,2.0,3.4,0.001232,12.467,2.1386753696,1.7359378
459,56.069042,41.767595,31.113996,3.0,256.0,32.0,64.0,1.0,8.0,1.0,3.8,0.00025,119.2,3.959196,15.836784
460,20.434253,42.102997,86.749552,1.0,4.0,4.0,256.0,1.0,1.0,16.0,3.7,0.000449,42.009,2.554709424,5.689776
461,100.7,21.378113,4.538468,9.0,2048.0,2048.0,2048.0,8.0,1.0,16.0,3.4,0.001232,16.563,2.5141687647999995,2.0407214
462,20.434253,45.676164,102.098762,1.0,4.0,4.0,64.0,1.0,2.0,1.0,3.4,0.00025,380.51,9.75173075,39.006923
463,20.46748,45.640804,101.775257,1.0,4.0,4.0,64.0,1.0,1.0,1.0,2.4,0.001232,12.02,2.1361964624,1.7339257
464,100.298805,34.16444,11.637317,9.0,16.0,8.0,128.0,8.0,1.0,2.0,2.5,0.00123,11.938,2.139507756,1.7394372
465,20.434253,43.532937,92.742149,1.0,4.0,4.0,512.0,1.0,1.0,1.0,3.8,0.000251,109.9,3.818315663,15.212413
466,20.46748,45.705513,102.064051,1.0,4.0,4.0,64.0,1.0,1.0,1.0,2.6,0.001232,14.839,2.3517140416,1.9088588
467,100.298805,34.821471,12.089225,9.0,16.0,8.0,128.0,1.0,1.0,2.0,3.4,0.00123,11.938,2.133453942,1.7345154
468,19.964314,32.697008,53.550267,2.0,4.0,8.0,64.0,1.0,1.0,1.0,3.3,0.000251,94.413,3.675582756,14.643756
469,20.434253,45.348134,100.637552,1.0,64.0,4.0,64.0,1.0,1.0,1.0,3.8,0.001261,22.139,4.168736117,3.3058970000000003
470,57.346241,22.023649,8.458115,7.0,128.0,2048.0,128.0,8.0,1.0,2.0,3.4,0.001232,12.318,2.1672130480000003,1.7591015
471,20.434253,43.780044,93.798008,1.0,16.0,256.0,64.0,1.0,1.0,1.0,3.4,0.000439,190.21,9.188442088,20.930392
472,20.434253,43.811995,93.934966,1.0,4.0,256.0,64.0,4.0,1.0,1.0,3.2,0.001232,13.684,2.3252414416,1.8873713
473,100.7,29.619413,8.712111,9.0,16.0,1024.0,128.0,8.0,1.0,2.0,3.0,0.001232,13.597,2.321851224,1.8846195
474,20.434253,45.064091,99.380793,1.0,16.0,32.0,64.0,1.0,4.0,1.0,3.8,0.00025,162.62,5.080045,20.32018
475,20.434253,45.931908,103.245281,1.0,4.0,4.0,64.0,1.0,1.0,1.0,3.9,0.001232,12.42,2.1946193808000003,1.7813469
476,100.7,34.198704,11.614214,9.0,16.0,8.0,128.0,8.0,1.0,2.0,2.3,0.001232,11.938,2.1124744256000003,1.7146708
477,20.434253,40.718896,81.139666,1.0,4.0,512.0,256.0,1.0,1.0,1.0,3.8,0.00025,109.9,3.81066825,15.242673
478,20.434253,45.343423,100.616646,1.0,4.0,16.0,64.0,1.0,4.0,1.0,3.8,0.001232,18.202,2.6879949712,2.1818141
479,89.27305,30.688139,10.549229,10.0,16.0,8.0,128.0,8.0,1.0,2.0,3.4,0.001232,12.258,2.167663344,1.759467
480,20.434253,45.192494,99.947939,1.0,4.0,8.0,64.0,1.0,1.0,8.0,3.8,0.000282,121.83,4.732377078,16.781478999999997
481,0.0,0.0,0.0,1.0,4.0,4.0,64.0,8.0,1.0,1.0,2.1,0.001232,12.794,2.1821662016,1.7712388
482,100.7,34.297288,11.681271,9.0,8.0,8.0,128.0,8.0,1.0,2.0,2.6,0.0,0.0,0.0,0.0
483,20.434253,42.758604,89.47223,1.0,256.0,128.0,64.0,1.0,1.0,1.0,3.7,0.00025,109.53,3.788793,15.155172
484,20.46748,42.502951,88.262006,1.0,4.0,4.0,512.0,1.0,1.0,8.0,2.3,0.001232,14.251,2.4376615648,1.9786214
485,85.080798,18.263169,3.920313,9.0,16.0,4096.0,128.0,8.0,1.0,2.0,2.8,0.00123,16.683,2.467074591,2.0057517
486,20.434253,31.755312,49.348505,1.0,32.0,4.0,4096.0,1.0,2.0,1.0,3.8,0.00025,435.17,9.53832975,38.153319
487,20.434253,45.067704,99.396729,1.0,4.0,4.0,64.0,1.0,2.0,8.0,3.8,0.001232,44.84,4.419647847999999,3.5873765
488,100.7,33.648281,11.243365,9.0,32.0,8.0,128.0,8.0,8.0,2.0,3.9,0.001232,12.856,2.1942675216,1.7810613
489,20.434253,45.431256,101.006823,1.0,4.0,4.0,64.0,1.0,4.0,1.0,3.8,0.00025,127.67,3.93635875,15.745435
490,20.434253,45.180661,99.895607,1.0,4.0,4.0,64.0,2.0,1.0,8.0,3.8,0.001232,12.192,2.1592899328,1.7526704
491,100.7,33.088693,10.872509,9.0,16.0,128.0,1024.0,8.0,1.0,2.0,2.9,0.001232,12.864,2.1833093744000003,1.7721667
492,20.434253,31.525795,48.637733,1.0,4.0,128.0,4096.0,1.0,1.0,1.0,3.2,0.00025,127.38,4.070626,16.282504
493,20.46748,40.803169,81.343606,1.0,64.0,512.0,64.0,1.0,1.0,1.0,2.3,0.001232,45.401,4.484234832,3.639801
494,100.7,34.412374,11.759796,9.0,4.0,8.0,128.0,8.0,1.0,2.0,3.4,0.00123,16.901,2.6769031200000004,2.1763440000000003
495,20.434253,45.835399,102.811871,1.0,4.0,4.0,64.0,1.0,1.0,1.0,3.3,0.00025,109.37,3.763493500000001,15.053974
496,0.0,0.0,0.0,1.0,4.0,4.0,64.0,1.0,1.0,16.0,3.9,0.001232,11.938,2.1213796912,1.7218991
497,100.7,32.96016,10.788204,9.0,16.0,256.0,128.0,8.0,1.0,2.0,3.4,0.0,0.0,0.0,0.0
498,20.46748,45.518496,101.230513,1.0,4.0,4.0,64.0,1.0,2.0,1.0,2.7,0.00025,124.76,4.102436,16.409744
499,20.434253,41.018084,82.33642,1.0,64.0,512.0,64.0,1.0,1.0,1.0,3.0,0.00123,12.02,2.151020925,1.7487975
500,85.338983,30.32658,10.777038,9.0,16.0,8.0,128.0,8.0,16.0,2.0,3.8,0.001232,16.901,2.6489251712,2.1501016
501,20.434253,43.408285,92.211798,1.0,4.0,4.0,512.0,1.0,1.0,1.0,3.0,0.000295,148.08,4.845890070000001,16.426746
502,20.434253,42.01312,86.379581,1.0,256.0,4.0,64.0,1.0,8.0,1.0,3.8,0.001232,14.839,2.3652398000000003,1.9198375
503,,,,,,,,,,,,0.001232,15.03,2.524937184,2.049462
