,reward1,reward2,latency,Area,energy,power,core,l1i_size,l1d_size,l2_size,l1i_assoc,l1d_assoc,l2_assoc,clock_rate,best_reward
0,161.116822,30.76245,0.000149,409.62,4.282466365,28.741385,3,4096,1024,32768,1,8,4,3.2,5.873554
1,195.155039,97.996989,0.000129,25.206,0.464082273,3.5975370000000004,2,128,32,64,4,2,8,3.2,18.360895
2,0.0,0.0,0.0,0.0,0.0,0.0,1,8,8,65536,16,1,4,3.4,18.360895
3,55.944444,19.064617,0.00045,243.62,12.26208375,27.249075,12,512,4,8192,2,1,4,3.3,18.360895
4,75.600601,25.956837,0.000333,163.27,6.614802909000001,19.864273,9,256,512,2048,8,1,2,2.9,18.360895
5,80.686759,20.711047,0.000305,404.57,9.92845333,32.552306,8,1024,256,32768,2,8,8,3.7,18.360895
6,0.0,0.0,0.0,0.0,0.0,0.0,4,32,4,32768,8,2,2,3.6,18.360895
7,42.960751,14.173482,0.000586,343.24,22.185402128000003,37.859048,15,256,1024,2048,16,2,8,2.8,18.360895
8,111.393805,27.636435,0.000226,298.16,5.835208808,25.819508,6,16,4096,1024,2,4,4,2.5,18.360895
9,60.956416,23.104381,0.000413,144.4,8.348948222999999,20.215371,11,256,4,2048,1,4,4,3.4,18.360895
10,9.222251,1.813585,0.00045,985.19,36.82174455,81.826099,12,4096,4096,1024,2,2,8,2.8,18.360895
11,36.492404,11.088056,0.000592,431.8,26.694331984,45.091777,16,512,1024,8192,4,2,4,2.7,18.360895
12,23.902305,5.756213,0.000468,600.07,26.556997428,56.745721,13,4096,128,2048,2,2,16,2.9,18.360895
13,0.0,0.0,0.0,0.0,0.0,0.0,14,4,512,2048,16,8,2,2.0,18.360895
14,16.368617,3.139345,0.000333,859.64,21.199026087,63.660739,9,8,4096,65536,16,2,4,2.9,18.360895
15,82.540984,29.000475,0.000305,139.46,5.299199014999999,17.374423,8,128,512,2048,1,1,1,2.1,18.360895
16,48.883495,17.699971,0.000515,195.51,14.225754875000003,27.622825,14,512,16,256,1,2,2,2.3,18.360895
17,132.5,58.031432,0.00019,47.86,1.32340833,6.965307,4,32,16,256,1,1,16,3.0,18.360895
18,13.4795,3.665754,0.000586,714.1,32.651084950000005,55.718575,15,128,8,32768,4,1,16,2.5,18.360895
19,82.540984,27.451414,0.000305,208.93,5.914131780000001,19.390596,8,512,16,4096,16,16,4,2.4,18.360895
20,168.959732,55.083942,0.000149,96.18,1.468826206,9.857894,3,1024,1024,1024,4,16,2,2.3,18.360895
21,25.600548,6.057614,0.00038,643.47,18.13610306,47.726587,10,512,128,65536,16,8,2,3.5,18.360895
22,0.0,0.0,0.0,0.0,0.0,0.0,15,8,8,64,4,16,8,3.3,18.360895
23,0.0,0.0,0.0,0.0,0.0,0.0,12,1024,1024,64,4,8,16,2.2,18.360895
24,60.956416,19.357006,0.000413,285.96,11.894441713,28.800101,11,256,512,8192,1,16,16,3.3,18.360895
25,129.102564,32.407767,0.000195,224.72,4.243480605,21.761439000000003,5,4096,16,128,2,2,8,2.0,18.360895
26,82.540984,31.610201,0.000305,124.94,4.460319085,14.623997,8,16,8,1024,1,16,1,2.7,18.360895
27,16.295239,4.581342,0.000592,646.18,31.178915503999995,52.667087,16,4,32,65536,4,4,8,2.5,18.360895
28,93.587361,31.042156,0.000269,157.21,4.625052575999999,17.193503999999997,7,128,1024,64,1,2,1,3.0,18.360895
29,111.393805,43.549,0.000226,77.796,2.349979414,10.398139,6,16,64,64,8,1,4,2.8,18.360895
30,25.024392,7.62203,0.000586,524.1,26.029296084,44.418594,15,64,512,32768,16,2,8,3.1,18.360895
31,148.964497,97.799402,0.000169,20.62,0.465959364,2.757156,1,512,32,128,2,16,8,2.6,18.360895
32,31.185491,7.800231,0.00045,535.75,22.76128125,50.580625,12,4096,32,128,4,1,1,3.5,18.360895
33,195.155039,45.476728,0.000129,227.8,2.154973896,16.705224,2,4096,256,16384,16,2,2,2.2,18.360895
34,0.0,0.0,0.0,0.0,0.0,0.0,10,8,32,32768,1,16,1,3.0,18.360895
35,60.956416,23.595953,0.000413,131.96,8.004706115000001,19.381855,11,128,128,64,4,2,8,3.7,18.360895
36,0.0,0.0,0.0,0.0,0.0,0.0,2,128,4,16384,8,2,4,3.2,18.360895
37,53.450106,21.939725,0.000471,130.17,9.258872313,19.657903,12,32,4,64,4,2,8,3.2,18.360895
38,10.838434,2.646908,0.000592,792.32,41.32189008,69.80049,16,4096,32,256,16,1,8,2.3,18.360895
39,0.0,0.0,0.0,0.0,0.0,0.0,8,4096,4,64,1,2,16,2.7,18.360895
40,195.155039,95.529803,0.000129,27.114,0.4883629109999999,3.785759,2,256,64,64,4,1,8,3.4,18.360895
41,66.094248,17.371161,0.000333,427.8,11.28858678,33.899660000000004,9,32,1024,32768,4,2,8,3.0,18.360895
42,0.0,0.0,0.0,0.0,0.0,0.0,6,1024,8,64,4,2,16,2.3,18.360895
43,132.5,42.939389,0.00019,112.45,2.41717848,12.721991999999998,4,2048,32,1024,4,2,16,3.2,18.360895
44,65.903141,19.658634,0.000382,276.61,11.532243076,30.189118,10,128,2048,1024,4,2,8,3.8,18.360895
45,75.828313,29.452783,0.000332,104.88,5.13768838,15.474965,9,128,32,128,4,2,8,3.2,18.360895
46,68.080021,13.403814,0.000195,550.83,6.898159905,35.375179,5,8,32,65536,16,2,8,2.6,18.360895
47,41.40625,15.397575,0.000608,264.54,18.798178048,30.918056,16,256,64,128,4,16,4,3.2,18.360895
48,129.102564,51.966226,0.000195,57.319,1.6503577349999998,8.463372999999999,5,64,32,64,4,1,8,3.6,18.360895
49,195.155039,58.393084,0.000129,106.14,1.307066313,10.132297,2,4096,1024,64,8,2,8,3.9,18.360895
50,195.155039,85.269854,0.000129,38.807,0.6129561419999998,4.751598,2,512,8,256,4,16,8,2.7,18.360895
51,0.0,0.0,0.0,0.0,0.0,0.0,2,4,128,512,4,8,8,3.7,18.53485988888889
52,48.883495,19.026139,0.000515,160.33,12.311730595,23.906273,14,128,32,64,4,2,8,3.2,22.341764999999995
53,195.155039,59.435126,0.000129,108.7,1.261635996,9.780124,2,4096,32,1024,16,4,8,3.2,22.341764999999995
54,66.076115,26.051577,0.000381,117.05,6.566779221,17.235641,10,128,32,256,4,2,8,3.2,23.610281444444443
55,195.155039,98.448419,0.000129,24.9,0.45983598,3.56462,2,128,32,64,4,2,4,3.2,23.610281444444443
56,195.155039,88.339436,0.000129,35.91,0.571098738,4.427122000000001,2,512,8,512,4,8,8,3.5,24.252195444444446
57,82.540984,33.171977,0.000305,88.251,4.050211815,13.279383,8,32,32,64,4,1,8,3.2,29.141028
58,195.155039,84.369596,0.000129,39.949,0.626106918,4.853542,2,1024,32,64,4,2,8,3.2,29.141028
59,93.587361,37.153454,0.000269,80.32,3.228657974,12.002446,7,128,32,64,2,2,8,3.2,32.703718111111115
60,195.155039,74.296283,0.000129,52.0,0.807395391,6.258879,2,2048,32,64,4,2,8,3.2,32.703718111111115
61,195.155039,100.159336,0.000129,23.92,0.4442603651999999,3.4438788,2,4,32,64,4,2,8,3.2,32.703718111111115
62,111.393805,37.86882,0.000226,139.6,3.107827474,13.751449,6,256,32,4096,4,16,8,3.1,32.703718111111115
63,195.155039,96.343922,0.000129,28.862,0.480144321,3.722049,2,128,32,64,8,2,8,3.2,32.703718111111115
64,195.155039,84.199557,0.000129,42.179,0.628638285,4.873165,2,128,1024,64,4,2,8,3.0,32.703718111111115
65,0.0,0.0,0.0,0.0,0.0,0.0,1,128,32,128,8,16,16,3.2,32.703718111111115
66,195.155039,94.492848,0.000129,33.981,0.499140216,3.869304,2,128,32,64,16,2,1,2.9,32.703718111111115
67,195.155039,93.775714,0.000129,30.076,0.5068035900000001,3.92871,2,16,32,1024,4,2,8,2.2,36.39168366666666
68,0.0,0.0,0.0,0.0,0.0,0.0,10,4,32,64,2,16,8,3.2,36.39168366666666
69,195.155039,99.323077,0.000129,24.305,0.4517728349999999,3.502115,2,8,32,64,4,4,8,2.6,36.39168366666666
70,132.5,59.114601,0.00019,45.411,1.27535448,6.712392,4,16,32,64,4,2,8,3.2,38.05015444444444
71,147.222222,105.705621,0.000171,18.974,0.398863485,2.332535,1,128,32,128,2,16,8,3.9,38.05015444444444
72,116.013825,43.625819,0.000217,157.32,2.341710798,10.791294,2,128,32,16384,4,2,8,3.2,38.05015444444444
73,195.155039,96.57257,0.000129,26.938,0.477873405,3.704445,2,128,32,256,4,2,8,3.1,38.924827666666665
74,195.155039,82.200113,0.000129,42.851,0.659592351,5.113119,2,512,32,1024,1,16,8,2.6,38.924827666666665
75,195.155039,91.909702,0.000129,31.251,0.527591424,4.089856,2,128,32,1024,4,2,8,2.0,38.924827666666665
76,195.155039,89.926922,0.000129,33.523,0.5511134129999999,4.272197,2,512,8,64,8,2,8,3.2,38.924827666666665
77,111.393805,39.437445,0.000226,109.37,2.865516376,12.679276,6,512,32,512,2,16,8,3.4,38.924827666666665
78,195.155039,69.636742,0.000129,81.219,0.919059339,7.124491,2,128,64,8192,4,2,8,3.0,38.924827666666665
79,93.587361,37.132789,0.000269,81.552,3.2322526209999998,12.015809,7,128,32,64,4,2,8,3.2,38.924827666666665
80,148.964497,103.848657,0.000169,17.904,0.413255531,2.4452990000000003,1,128,32,128,1,16,2,2.6,38.924827666666665
81,195.155039,83.424257,0.000129,43.909,0.6403770269999999,4.964163,2,128,1024,256,2,2,8,3.2,38.924827666666665
82,129.102564,50.618134,0.000195,61.478,1.7394349049999998,8.920179,5,128,128,64,4,2,8,3.8,38.924827666666665
83,148.964497,103.7298,0.000169,18.588,0.414203114,2.450906,1,32,32,128,2,16,8,2.6,38.924827666666665
84,116.013825,53.82284,0.000217,80.929,1.538463598,7.089694,2,128,32,8192,4,2,8,3.2,41.64638344444446
85,195.155039,99.688729,0.000129,24.198,0.448464759,3.476471,2,32,32,64,4,2,8,3.2,41.64638344444446
86,53.792735,18.771191,0.000468,225.39,12.648435228,27.026571,13,512,32,128,2,16,4,2.5,41.64638344444446
87,195.155039,92.212958,0.000129,33.531,0.5241269999999999,4.063,2,64,32,64,4,16,8,3.2,41.64638344444446
88,195.155039,97.455109,0.000129,25.206,0.4692574949999999,3.637655,2,128,32,64,4,2,8,2.3,41.64638344444446
89,111.393805,42.29408,0.000226,94.982,2.491502196,11.024346,6,64,32,128,2,16,8,2.6,41.64638344444446
90,195.155039,100.313697,0.000129,23.92,0.4428941777999999,3.4332882,2,4,32,64,4,2,8,3.6,41.64638344444446
91,195.155039,94.240348,0.000129,27.661,0.501818514,3.890066,2,128,256,64,4,1,8,2.4,41.64638344444446
92,0.0,0.0,0.0,0.0,0.0,0.0,3,512,32,128,2,16,16,3.2,41.64638344444446
93,116.013825,30.454084,0.000217,352.16,4.805397947,22.144691,2,64,4096,32768,4,2,8,3.2,41.64638344444446
94,195.155039,96.527059,0.000129,26.188,0.4783241309999999,3.707939,2,128,128,64,4,2,8,3.2,41.64638344444446
95,148.964497,95.799948,0.000169,22.625,0.4856125429999999,2.873447,1,512,32,128,8,16,8,2.5,41.64638344444446
96,0.0,0.0,0.0,0.0,0.0,0.0,2,4,32,64,1,2,16,3.2,41.64638344444446
97,195.155039,68.888135,0.000129,70.64,0.939142704,7.280176,2,128,2048,2048,2,2,16,3.2,41.64638344444446
98,147.222222,86.287546,0.000171,27.446,0.5985827640000001,3.500484,1,2048,32,128,2,16,8,3.9,41.64638344444446
99,195.155039,82.499051,0.000129,43.34,0.654820899,5.076131,2,1024,32,512,1,2,8,2.9,41.64638344444446
100,93.587361,35.784283,0.000269,91.038,3.480453272,12.938488,7,128,256,128,4,2,8,3.2,41.64638344444446
101,148.964497,95.275616,0.000169,24.201,0.490972209,2.905161,1,128,32,1024,2,16,8,2.6,41.64638344444446
102,195.155039,98.082199,0.000129,25.206,0.4632762681,3.5912889000000003,2,128,32,64,4,2,8,3.4,41.64638344444446
103,168.959732,69.866977,0.000149,44.435,0.913012102,6.127598,3,512,32,64,2,2,8,2.7,41.64638344444446
104,147.222222,78.891176,0.000171,49.986,0.716083362,4.187622,1,128,32,4096,2,16,1,3.0,41.64638344444446
105,195.155039,100.411845,0.000129,23.794,0.4420287812999999,3.4265797,2,4,16,64,4,2,8,3.2,44.04827122222226
106,0.0,0.0,0.0,0.0,0.0,0.0,2,4,256,1024,1,16,4,3.9,46.12341811111113
107,148.964497,102.462962,0.000169,18.974,0.424508734,2.511886,1,128,32,128,2,16,8,2.6,46.12341811111113
108,195.155039,96.598981,0.000129,26.4,0.4776121283999999,3.7024196,2,4,256,64,4,2,8,3.2,50.14516622222224
109,147.222222,81.466342,0.000171,52.777,0.6715278243,3.9270633,1,8,32,4096,2,2,8,3.0,55.45039400000001
110,148.964497,108.90157,0.000169,16.292,0.375796005,2.2236450000000003,1,128,32,128,2,8,8,2.2,55.45039400000001
111,195.155039,97.704749,0.000129,25.179,0.4668626099999999,3.61909,2,128,32,64,4,1,8,2.6,55.84613133333333
112,147.222222,98.173031,0.000171,23.654,0.462419397,2.704207,1,128,512,256,4,16,4,3.9,55.84613133333333
113,148.964497,115.801933,0.000169,14.721,0.3323447529999999,1.966537,1,128,32,128,4,1,8,2.6,55.84613133333333
114,116.013825,47.629846,0.000217,91.274,1.964545485,9.053205,2,4096,32,64,1,2,8,3.2,55.84613133333333
115,195.155039,83.435208,0.000129,47.821,0.6402089400000001,4.96286,2,128,32,2048,4,16,4,3.0,55.84613133333333
116,0.0,0.0,0.0,0.0,0.0,0.0,1,8,4,128,2,16,8,3.6,55.84613133333333
117,195.155039,100.60018,0.000129,23.656,0.4403752721999999,3.4137618,2,4,4,64,4,2,8,3.2,55.84613133333333
118,0.0,0.0,0.0,0.0,0.0,0.0,2,4,4,128,2,16,8,3.2,55.84613133333333
119,148.964497,103.329133,0.000169,18.063,0.4174215499999999,2.46995,1,16,16,128,2,16,8,2.4,55.84613133333333
120,147.222222,81.415215,0.000171,52.936,0.672371487,3.931997,1,4,32,4096,4,2,8,3.2,55.84613133333333
121,195.155039,55.988089,0.000129,146.84,1.4217693719999998,11.021468,2,64,32,16384,4,16,1,2.8,55.84613133333333
122,148.964497,103.613628,0.000169,18.974,0.4151324449999999,2.456405,1,128,32,128,2,16,8,2.9,55.84613133333333
123,168.959732,76.9119,0.000149,34.57,0.7534134339999999,5.056466,3,4,32,64,4,2,8,3.2,55.84613133333333
124,195.155039,88.673346,0.000129,38.49,0.5668057470000001,4.393843,2,128,32,128,8,16,8,2.6,55.84613133333333
125,147.222222,92.418617,0.000171,26.165,0.521796924,3.051444,1,1024,32,512,2,16,8,3.9,55.84613133333333
126,195.155039,87.295393,0.000129,33.342,0.584840979,4.533651,2,512,256,64,4,2,8,2.1,55.84613133333333
127,0.0,0.0,0.0,0.0,0.0,0.0,1,4,32,4096,4,16,8,3.2,55.84613133333333
128,148.964497,103.017398,0.000169,18.328,0.419951649,2.484921,1,128,32,64,4,16,8,2.6,55.84613133333333
129,187.873134,60.768561,0.000134,92.063,1.2068756900000002,9.006535000000001,2,4096,64,64,4,2,8,3.2,55.84613133333333
130,147.222222,117.892177,0.000171,13.903,0.3206641932,1.8752292,1,128,4,128,4,2,4,3.9,55.84613133333333
131,147.222222,103.970307,0.000171,19.083,0.4122890369999999,2.411047,1,128,16,128,4,16,8,3.2,55.84613133333333
132,195.155039,84.632593,0.000129,39.677,0.6222216959999999,4.823423999999999,2,1024,4,64,4,2,8,3.2,55.84613133333333
133,195.155039,89.761323,0.000129,39.408,0.553148775,4.287975,2,128,32,256,8,16,8,3.9,55.84613133333333
134,148.964497,109.664952,0.000169,17.725,0.3705823549999999,2.192795,1,128,256,128,8,2,8,2.4,55.84613133333333
135,0.0,0.0,0.0,0.0,0.0,0.0,2,4,32,64,1,8,8,2.2,55.84613133333333
136,147.222222,52.191703,0.000171,150.47,1.636128855,9.568005,1,128,32,16384,4,16,8,3.2,55.84613133333333
137,148.964497,116.571224,0.000169,13.736,0.3279727229999999,1.940667,1,128,32,64,2,2,8,2.2,55.84613133333333
138,195.155039,100.560004,0.000129,23.691,0.4407272229,3.4164901,2,8,4,64,4,2,8,3.2,55.84613133333333
139,148.964497,73.810137,0.000169,60.937,0.818066132,4.840628000000001,1,1024,32,4096,4,2,8,2.2,55.84613133333333
140,147.222222,104.684418,0.000171,19.014,0.406683315,2.378265,1,128,4,128,4,16,8,3.4,55.84613133333333
141,195.155039,100.115363,0.000129,23.92,0.4446507063,3.4469047,2,4,32,64,4,2,8,3.1,62.51160044444446
142,147.222222,115.913361,0.000171,14.735,0.3317060907,1.9398017,1,128,32,128,4,2,8,3.5,62.51160044444446
143,168.959732,71.236799,0.000149,49.0,0.8782368429999999,5.894207,3,128,32,128,2,16,2,2.6,62.51160044444446
144,195.155039,92.838452,0.000129,30.95,0.5170882440000001,4.0084360000000006,2,4,128,1024,4,2,8,2.6,62.51160044444446
145,147.222222,116.212322,0.000171,14.721,0.3300016311,1.9298341,1,128,32,128,4,1,8,3.9,62.51160044444446
146,148.964497,91.673071,0.000169,26.022,0.53031862,3.13798,1,512,32,1024,4,16,8,2.7,62.51160044444446
147,195.155039,81.969954,0.000129,46.94,0.663301617,5.141873,2,4,1024,1024,4,2,8,3.2,62.51160044444446
148,132.5,54.37079,0.00019,72.931,1.50761048,7.934792,4,128,32,1024,16,1,8,3.6,62.51160044444446
149,148.964497,105.148681,0.000169,17.567,0.4030999829999999,2.385207,1,512,32,128,4,2,8,2.0,62.51160044444446
150,195.155039,96.17064,0.000129,26.4,0.4818761459999999,3.735474,2,4,256,64,4,2,8,2.4,62.51160044444446
151,0.0,0.0,0.0,0.0,0.0,0.0,1,128,32,128,4,2,16,2.6,62.51160044444446
152,0.0,0.0,0.0,0.0,0.0,0.0,1,128,32,128,1,2,16,2.6,62.51160044444446
153,116.013825,54.403135,0.000217,79.654,1.5058183349999998,6.939255,2,4,32,8192,4,2,8,3.2,62.51160044444446
154,148.964497,116.697119,0.000169,14.039,0.327265458,1.936482,1,128,32,128,4,2,4,2.4,62.51160044444446
155,114.954338,73.203007,0.000219,25.648,0.8316921389999999,3.797681,2,128,32,128,2,1,8,2.6,62.51160044444446
156,147.222222,90.83102,0.000171,28.857,0.540196866,3.159046,1,4,2048,64,4,2,8,3.2,62.51160044444446
157,148.964497,101.842598,0.000169,19.15,0.4296961889999999,2.542581,1,128,32,128,4,16,8,2.5,63.16626488888889
158,147.222222,117.017565,0.000171,14.748,0.3254755176,1.9033656,1,4,32,256,2,1,8,3.4,65.3635296666667
159,195.155039,90.785694,0.000129,31.411,0.5407363949999999,4.191755,2,512,4,128,4,2,8,3.2,65.3635296666667
160,195.155039,95.614247,0.000129,27.355,0.487500675,3.779075,2,8,64,128,4,8,4,2.3,68.18202766666673
161,148.964497,120.32714,0.000169,13.149,0.3078174619,1.8214051,1,16,32,128,4,2,2,2.6,68.18202766666673
162,195.155039,94.010572,0.000129,29.701,0.504274545,3.909105,2,4,4,1024,4,2,8,2.0,70.34128666666675
163,147.222222,112.056726,0.000171,18.851,0.3549315329999999,2.075623,1,128,32,128,16,2,4,3.9,70.34128666666675
164,147.222222,107.236242,0.000171,18.629,0.3875585040000001,2.266424,1,32,4,128,4,16,8,3.9,70.34128666666675
165,195.155039,100.344202,0.000129,23.656,0.442624929,3.431201,2,4,4,64,4,2,8,2.7,70.34128666666675
166,147.222222,117.328669,0.000171,13.899,0.3237517692,1.8932852,1,128,32,64,4,1,8,3.9,70.34128666666675
167,147.222222,106.364905,0.000171,17.708,0.3939342390000001,2.303709,1,512,64,128,4,8,4,3.9,70.34128666666675
168,195.155039,91.187144,0.000129,30.59,0.535985712,4.154928,2,512,4,64,4,2,8,3.2,70.34128666666675
169,147.222222,87.235214,0.000171,32.077,0.5856481530000001,3.424843,1,128,2048,128,8,8,8,3.9,70.34128666666675
170,147.222222,117.508525,0.000171,13.736,0.322761474,1.887494,1,128,32,64,2,2,8,3.9,70.34128666666675
171,195.155039,100.758332,0.000129,23.656,0.4389939143999999,3.4030536,2,4,4,64,4,2,8,3.6,70.34128666666675
172,147.222222,105.201128,0.000171,18.946,0.4026981599999999,2.35496,1,128,128,128,4,16,4,3.9,70.34128666666675
173,168.959732,74.76026,0.000149,37.307,0.7974047899999999,5.35171,3,128,32,128,4,2,8,2.4,70.34128666666675
174,195.155039,100.889212,0.000129,22.948,0.4378556699999999,3.39423,2,4,4,64,4,2,2,2.4,70.34128666666675
175,148.964497,106.607505,0.000169,17.482,0.392143375,2.3203750000000003,1,512,32,128,4,1,4,2.6,70.34128666666675
176,148.964497,107.186839,0.000169,17.994,0.3879158399999999,2.29536,1,128,512,128,8,2,2,2.2,70.34128666666675
177,0.0,0.0,0.0,0.0,0.0,0.0,2,4,4,64,4,16,8,3.2,70.34128666666675
178,147.222222,118.016084,0.000171,13.738,0.3199912056,1.8712936,1,128,32,128,4,2,2,3.7,70.34128666666675
179,147.222222,117.011621,0.000171,13.862,0.325508589,1.903559,1,128,32,128,2,2,4,3.0,70.34128666666675
180,195.155039,99.468236,0.000129,24.321,0.4504552032,3.4919008,2,16,64,64,4,2,8,3.2,70.34128666666675
181,195.155039,93.913684,0.000129,32.036,0.505315575,3.917175,2,16,32,64,2,16,8,3.9,70.34128666666675
182,147.222222,116.050266,0.000171,14.735,0.3309239196,1.9352276,1,128,32,128,4,2,8,3.7,70.34128666666675
183,195.155039,100.965853,0.000129,22.948,0.437191191,3.389079,2,4,4,64,4,2,2,2.5,70.34128666666675
184,168.959732,75.598665,0.000149,35.375,0.779816085,5.233665,3,128,32,128,2,1,1,3.3,70.34128666666675
185,195.155039,93.756982,0.000129,36.018,0.50700612,3.93028,2,128,32,256,16,2,4,3.9,70.34128666666675
186,195.155039,96.277997,0.000129,26.553,0.4808020919999999,3.727148,2,256,4,64,4,2,8,3.2,70.34128666666675
187,147.222222,106.829153,0.000171,18.319,0.39051783,2.2837300000000003,1,128,4,128,4,16,4,3.9,70.34128666666675
188,147.222222,108.480254,0.000171,16.871,0.378720711,2.214741,1,512,32,128,4,2,4,3.9,70.34128666666675
189,0.0,0.0,0.0,0.0,0.0,0.0,2,4,4,64,16,2,8,3.6,70.34128666666675
190,147.222222,110.556698,0.000171,19.546,0.364628259,2.132329,1,128,32,128,16,2,8,3.5,70.34128666666675
191,148.964497,117.104569,0.000169,14.039,0.3249920699999999,1.92303,1,128,32,128,4,2,4,2.7,70.34128666666675
192,195.155039,92.505532,0.000129,30.95,0.52081686,4.03734,2,4,128,1024,4,2,8,2.1,70.34128666666675
193,0.0,0.0,0.0,0.0,0.0,0.0,1,4,32,128,4,16,2,3.9,70.34128666666675
194,195.155039,86.059322,0.000129,44.365,0.6017617799999999,4.66482,2,512,32,512,16,2,8,3.8,70.34128666666675
195,0.0,0.0,0.0,0.0,0.0,0.0,4,8,1024,64,4,2,16,2.4,70.34128666666675
196,147.222222,96.01871,0.000171,24.377,0.483402294,2.826914,1,128,32,1024,4,16,8,3.1,70.34128666666675
197,148.964497,114.292504,0.000169,14.849,0.341181087,2.0188230000000003,1,256,32,128,4,2,4,2.6,70.34128666666675
198,195.155039,92.806738,0.000129,35.616,0.517441704,4.011176,2,4,256,64,16,2,8,3.2,70.34128666666675
199,148.964497,116.370816,0.000169,14.039,0.329103333,1.947357,1,128,32,128,4,2,4,2.2,70.34128666666675
200,147.222222,106.016897,0.000171,18.082,0.3965247179999999,2.318858,1,512,32,128,2,8,8,3.9,70.34128666666675
201,195.155039,98.938624,0.000129,25.491,0.4552906263,3.5293847,2,16,4,256,4,2,8,3.2,70.34128666666675
202,148.964497,115.948838,0.000169,14.23,0.331503133,1.961557,1,128,128,128,4,2,2,2.6,70.34128666666675
203,148.964497,119.573727,0.000169,13.45,0.3117086869,1.8444301,1,16,32,128,4,2,4,2.6,70.34128666666675
204,93.587361,38.156727,0.000269,75.433,3.061104868,11.379572,7,4,4,64,4,2,2,2.8,70.34128666666675
205,148.964497,106.846365,0.000169,17.431,0.390392028,2.310012,1,512,4,128,4,2,8,2.6,70.34128666666675
206,148.964497,99.603367,0.000169,23.047,0.449233772,2.658188,1,256,1024,128,4,2,2,2.6,70.34128666666675
207,65.903141,22.729032,0.000382,193.61,8.626975310000002,22.583705,10,4,1024,64,4,2,8,3.6,70.34128666666675
208,148.964497,115.740063,0.000169,14.617,0.3327001599999999,1.96864,1,128,8,128,4,2,8,2.3,70.34128666666675
209,148.964497,117.396894,0.000169,13.738,0.3233755849999999,1.913465,1,128,32,128,4,2,2,2.4,70.34128666666675
210,195.155039,100.472951,0.000129,22.985,0.441491277,3.422413,2,4,8,64,4,2,2,2.0,70.34128666666675
211,147.222222,120.685498,0.000171,13.097,0.3059921367,1.7894277,1,4,32,128,4,2,2,3.6,70.34128666666675
212,0.0,0.0,0.0,0.0,0.0,0.0,1,4,32,128,4,16,4,2.6,70.34128666666675
213,195.155039,101.09537,0.000129,23.35,0.4360717032,3.3804008,2,4,4,64,4,2,4,3.2,70.34128666666675
214,147.222222,84.084819,0.000171,45.758,0.6303550770000002,3.686287,1,128,32,4096,4,2,1,3.6,70.34128666666675
215,148.964497,116.538261,0.000169,14.22,0.3281582849999999,1.941765,1,128,16,256,2,2,2,2.6,70.34128666666675
216,0.0,0.0,0.0,0.0,0.0,0.0,2,32,4,64,8,2,2,3.6,70.34128666666675
217,148.964497,115.482301,0.000169,14.735,0.3341870219999999,1.977438,1,128,32,128,4,2,8,2.4,70.34128666666675
218,148.964497,107.209798,0.000169,16.453,0.387749713,2.294377,1,512,8,128,4,2,2,2.1,70.34128666666675
219,75.600601,29.83245,0.000333,99.981,5.007749571000001,15.038287,9,64,4,64,4,2,8,2.4,70.34128666666675
220,148.964497,120.57226,0.000169,12.727,0.3065671660999999,1.8140069,1,4,32,128,4,2,1,2.6,70.34128666666675
221,148.964497,113.366365,0.000169,16.566,0.346778367,2.051943,1,128,32,128,8,2,8,2.6,70.34128666666675
222,129.102564,51.413062,0.000195,57.643,1.686061845,8.646471,5,128,4,64,4,2,2,2.0,70.34128666666675
223,148.964497,111.982571,0.000169,15.977,0.355401761,2.102969,1,128,256,128,4,2,8,2.6,70.34128666666675
224,147.222222,114.183507,0.000171,14.99,0.341832762,1.999022,1,16,32,128,4,8,2,3.2,70.34128666666675
225,53.792735,21.169006,0.000468,140.79,9.94533696,21.25072,13,4,32,64,4,2,8,3.4,70.34128666666675
226,148.964497,121.399888,0.000169,12.37,0.3024014512999999,1.7893577,1,16,8,64,4,2,1,2.4,70.34128666666675
227,148.964497,110.481876,0.000169,17.2,0.3651223029999999,2.160487,1,16,512,128,4,1,2,2.6,71.03396944444466
228,168.959732,75.655084,0.000149,36.08,0.778653438,5.225862,3,128,4,64,4,2,8,3.4,72.23197144444465
229,147.222222,119.839663,0.000171,13.45,0.3103267986,1.8147766,1,16,32,128,4,2,4,3.8,72.23197144444465
230,148.964497,118.436462,0.000169,14.094,0.3177236841999999,1.8800218,1,4,32,128,4,2,8,2.6,72.23197144444465
231,195.155039,100.51146,0.000129,23.492,0.4411530389999999,3.419791,2,4,4,64,4,1,8,2.6,72.23197144444465
232,147.222222,118.240352,0.000171,13.62,0.3187784907,1.8642017,1,128,8,128,4,2,2,3.4,72.23197144444465
233,148.964497,100.043064,0.000169,27.107,0.4452936214999999,2.6348735,1,16,32,2048,4,1,2,2.9,73.54811355555547
234,93.587361,37.497797,0.000269,80.862,3.1696326489999995,11.783021,7,4,32,256,4,2,16,3.2,73.71903866666656
235,148.964497,120.97782,0.000169,12.0,0.3045151680999999,1.8018649,1,16,8,64,4,2,4,2.6,73.7979453333333
236,148.964497,116.882627,0.000169,13.738,0.3262274599999999,1.93034,1,128,32,128,4,2,2,2.1,73.7979453333333
237,195.155039,100.073009,0.000129,23.22,0.4450271669999999,3.449823,2,4,32,64,4,2,2,2.0,73.7979453333333
238,147.222222,120.780879,0.000171,13.082,0.3055090446,1.7866026,1,16,16,128,4,2,2,3.6,73.7979453333333
239,147.222222,118.184966,0.000171,14.23,0.3190773474,1.8659494,1,32,32,128,4,2,8,3.9,73.7979453333333
240,195.155039,45.309178,0.000129,262.95,2.1709412580000005,16.829002000000003,2,4,4,32768,4,2,4,3.1,73.7979453333333
241,147.222222,120.618528,0.000171,13.075,0.3063320163,1.7914153000000002,1,16,32,128,4,1,2,3.2,73.7979453333333
242,147.222222,118.49666,0.000171,13.602,0.3174009489,1.8561459,1,128,4,128,4,2,2,3.7,73.7979453333333
243,0.0,0.0,0.0,0.0,0.0,0.0,2,4,4,64,8,8,4,3.2,73.7979453333333
244,147.222222,119.788954,0.000171,13.187,0.3105895914,1.8163134,1,16,4,64,4,2,8,3.2,73.7979453333333
245,148.964497,121.090289,0.000169,12.614,0.3039497617,1.7985193000000002,1,16,32,64,4,2,2,2.6,73.7979453333333
246,42.525338,16.875147,0.000592,172.75,15.650395568,26.436479,16,16,32,64,4,2,2,2.0,73.7979453333333
247,148.964497,117.799995,0.000169,13.903,0.321166248,1.900392,1,16,32,256,4,2,2,2.1,73.7979453333333
248,147.222222,99.679297,0.000171,27.072,0.4485496383,2.6230973,1,16,32,2048,4,1,4,3.1,73.7979453333333
249,21.705821,5.323711,0.000468,629.7,25.603348212,54.708009,13,4,4096,64,4,2,4,3.9,73.7979453333333
250,147.222222,113.420298,0.000171,16.199,0.3464486504999999,2.0260155,1,128,128,64,8,2,8,3.8,73.7979453333333
251,147.222222,121.19753,0.000171,12.943,0.3034121058,1.7743398,1,16,32,64,4,1,4,3.9,73.7979453333333
252,195.155039,101.218402,0.000129,23.35,0.4350122519999999,3.372188,2,4,4,64,4,2,4,3.5,73.7979453333333
253,147.222222,108.138528,0.000171,19.053,0.3811180626000001,2.2287606,1,16,32,1024,1,1,8,3.9,73.7979453333333
254,148.964497,85.887279,0.000169,28.551,0.6041749999999999,3.575,1,2048,32,128,4,2,8,2.4,73.7979453333333
255,195.155039,100.701955,0.000129,23.35,0.4394855849999999,3.406865,2,4,4,64,4,2,4,2.5,73.7979453333333
256,147.222222,95.068128,0.000171,29.76,0.493117659,2.883729,1,64,128,2048,4,8,8,3.9,73.7979453333333
257,147.222222,119.232458,0.000171,13.417,0.3134955996,1.8333076,1,64,32,128,4,2,2,3.4,73.7979453333333
258,195.155039,76.91042,0.000129,64.146,0.753442431,5.840639,2,8,512,4096,4,2,2,3.2,73.7979453333333
259,148.964497,116.448179,0.000169,13.97,0.3286661976,1.9447704,1,4,256,128,4,2,1,2.7,74.94178122222223
260,148.964497,117.882431,0.000169,13.222,0.320717215,1.897735,1,128,64,64,4,2,1,2.6,74.94178122222223
261,195.155039,100.967432,0.000129,23.165,0.4371775169999999,3.388973,2,4,4,64,4,4,1,3.2,77.087382222222
262,147.222222,120.710727,0.000171,12.789,0.3058642458,1.7886798,1,4,32,64,2,2,4,3.0,77.087382222222
263,147.222222,120.557505,0.000171,13.165,0.3066422103,1.7932293,1,32,16,128,4,2,2,3.9,77.087382222222
264,195.155039,94.578806,0.000129,32.405,0.4982333459999999,3.862274,2,8,4,1024,4,2,4,2.6,77.087382222222
265,148.964497,113.728589,0.000169,15.866,0.3445729169999999,2.038893,1,4,128,512,4,2,2,2.1,77.087382222222
266,147.222222,99.761609,0.000171,27.146,0.4478097555,2.6187705,1,16,32,2048,4,2,4,3.9,77.087382222222
267,195.155039,101.242201,0.000129,22.959,0.4348077612,3.3706028,2,4,16,64,4,2,1,3.3,77.087382222222
268,147.222222,101.382215,0.000171,20.52,0.433607607,2.535717,1,1024,16,64,4,2,2,3.7,77.087382222222
269,148.964497,120.860626,0.000169,12.58,0.305106009,1.805361,1,8,32,64,4,2,2,2.3,77.087382222222
270,195.155039,62.315447,0.000129,91.468,1.147701648,8.896912,2,4096,32,64,4,2,4,3.6,77.087382222222
271,147.222222,114.877824,0.000171,15.606,0.337713201,1.974931,1,16,256,64,8,2,2,3.6,77.087382222222
272,147.222222,120.484701,0.000171,13.149,0.3070129041,1.7953971,1,16,32,128,4,2,2,3.6,77.087382222222
273,195.155039,94.875087,0.000129,32.371,0.4951263809999999,3.838189,2,4,4,1024,4,2,4,3.2,77.087382222222
274,147.222222,119.009828,0.000171,12.952,0.3146696001,1.8401731,1,128,4,128,1,2,1,3.9,77.087382222222
275,148.964497,98.393594,0.000169,21.178,0.4603485639999999,2.723956,1,1024,8,64,4,2,8,2.2,77.087382222222
276,0.0,0.0,0.0,0.0,0.0,0.0,2,4,4,64,4,8,4,3.2,77.087382222222
277,147.222222,118.353032,0.000171,13.203,0.3181717827,1.8606537,1,128,32,64,4,2,2,3.2,77.087382222222
278,148.964497,111.136949,0.000169,15.291,0.3608307169999999,2.135093,1,16,32,128,4,8,4,2.1,77.087382222222
279,195.155039,100.536305,0.000129,23.453,0.440935029,3.418101,2,16,4,64,4,2,4,2.5,77.087382222222
280,148.964497,115.470798,0.000169,14.014,0.334253608,1.977832,1,256,32,64,4,2,2,2.5,77.087382222222
281,147.222222,96.815612,0.000171,28.542,0.4754771451,2.7805681,1,256,32,2048,4,1,4,3.9,77.087382222222
282,195.155039,99.071084,0.000129,24.707,0.4540739757,3.5199533,2,16,128,64,4,2,4,3.7,77.087382222222
283,148.964497,86.122514,0.000169,45.193,0.6008790267999999,3.5554972,1,16,8,4096,4,2,2,2.6,77.087382222222
284,148.964497,110.096231,0.000169,17.274,0.3676846809999999,2.175649,1,16,512,128,4,2,2,2.6,77.087382222222
285,195.155039,62.288331,0.000129,90.796,1.14870114,8.904660000000002,2,4096,4,64,4,2,2,3.2,77.087382222222
286,148.964497,121.447272,0.000169,12.497,0.3021655273,1.7879617,1,16,8,64,4,2,2,2.5,77.087382222222
287,147.222222,120.934567,0.000171,12.943,0.3047330295,1.7820645,1,16,32,64,4,1,4,3.4,77.087382222222
288,116.013825,41.295219,0.000217,171.76,2.613490278,12.043734,2,1024,4,16384,4,2,8,3.2,77.087382222222
289,147.222222,121.417494,0.000171,12.48,0.3023137557,1.7679167,1,16,32,64,4,2,1,3.7,77.087382222222
290,147.222222,120.386134,0.000171,13.017,0.3075158493,1.7983383,1,16,32,64,4,2,4,3.2,77.087382222222
291,0.0,0.0,0.0,0.0,0.0,0.0,4,4,4,64,2,8,1,2.5,77.087382222222
292,148.964497,103.897743,0.000169,18.018,0.4128651409999999,2.442989,1,128,4,128,4,16,2,2.6,77.087382222222
293,147.222222,117.972664,0.000171,14.5,0.3202267923,1.8726713,1,16,32,256,4,2,4,3.9,77.087382222222
294,195.155039,90.177049,0.000129,37.734,0.5480603699999999,4.24853,2,4,32,2048,4,2,4,3.2,77.087382222222
295,147.222222,115.284932,0.000171,14.178,0.3353322654,1.9610074,1,256,32,128,4,2,1,3.5,77.087382222222
296,147.222222,122.061465,0.000171,12.48,0.2991322836,1.7493116,1,4,32,64,4,1,2,3.9,77.087382222222
297,195.155039,100.634334,0.000129,23.794,0.4400764049999999,3.411445,2,4,16,64,4,2,8,3.8,77.087382222222
298,147.222222,118.271647,0.000171,14.146,0.3186098163,1.8632153,1,16,32,128,4,2,8,3.4,77.087382222222
299,147.222222,121.441862,0.000171,12.614,0.3021924483,1.7672073,1,16,32,64,4,2,2,3.9,78.02224944444464
300,132.5,57.212991,0.00019,49.857,1.36154228,7.166011999999999,4,4,256,64,4,2,4,3.2,78.02224944444464
301,148.964497,115.231986,0.000169,16.16,0.3356404896,1.9860384,1,16,8,512,4,2,4,2.6,78.02224944444464
302,147.222222,120.224945,0.000171,13.017,0.3083409927,1.8031637,1,16,32,64,4,2,4,3.0,78.02224944444464
303,195.155039,100.368177,0.000129,23.831,0.4424134979999999,3.429562,2,4,16,64,4,4,4,3.0,78.02224944444464
304,60.956416,24.349752,0.000413,121.3,7.516771395000002,18.200415000000003,11,16,32,64,4,4,1,2.4,78.02224944444464
305,147.222222,119.449099,0.000171,13.323,0.3123594756,1.8266636,1,16,32,64,4,2,8,3.4,78.02224944444464
306,195.155039,101.443021,0.000129,22.822,0.4330879460999999,3.3572709,2,4,4,64,4,2,1,3.3,78.02224944444464
307,148.964497,107.269706,0.000169,17.0,0.387316735,2.291815,1,512,32,64,4,1,4,2.6,78.02224944444464
308,148.964497,121.206712,0.000169,12.943,0.3033661371,1.7950659,1,16,32,64,4,1,4,2.8,78.02224944444464
309,195.155039,73.997621,0.000129,55.996,0.813926016,6.309504,2,2048,16,64,8,2,4,3.4,78.02224944444464
310,148.964497,119.466065,0.000169,13.256,0.3122707639999999,1.847756,1,16,16,64,4,2,8,2.4,78.02224944444464
311,147.222222,108.225571,0.000171,19.589,0.380505267,2.225177,1,16,512,64,16,1,2,3.9,78.02224944444464
312,195.155039,101.022055,0.000129,23.488,0.4367048739,3.3853091,2,4,16,64,4,2,4,3.5,78.02224944444464
313,147.222222,113.636994,0.000171,15.764,0.3451286159999999,2.018296,1,128,32,512,1,2,2,3.1,78.02224944444464
314,147.222222,113.754964,0.000171,17.611,0.344413152,2.014112,1,16,32,64,16,4,2,3.2,78.02224944444464
315,195.155039,101.397163,0.000129,22.822,0.4334797706999999,3.3603083,2,4,4,64,4,2,1,3.2,78.02224944444464
316,148.964497,121.277419,0.000169,12.563,0.3030125046,1.7929734,1,4,32,64,4,2,2,2.6,79.02154266666669
317,147.222222,111.315544,0.000171,16.666,0.3596738076,2.1033556,1,16,512,64,4,1,2,3.9,79.02154266666669
318,195.155039,96.356763,0.000129,26.104,0.4800163529999999,3.721057,2,4,256,64,4,2,4,2.1,80.45958644444444
319,147.222222,121.219253,0.000171,12.48,0.3033033669,1.7737039,1,16,32,64,4,2,1,3.4,82.01130655555568
320,147.222222,121.529278,0.000171,12.54,0.3017578689,1.7646659,1,16,32,64,4,1,2,3.4,82.01130655555568
321,195.155039,100.89107,0.000129,22.857,0.4378395449999999,3.394105,2,8,4,64,4,2,1,2.4,82.01130655555568
322,147.222222,121.814311,0.000171,12.445,0.3003473583,1.7564172999999998,1,4,8,64,4,2,2,3.4,82.01130655555568
323,147.222222,122.459058,0.000171,12.381,0.2971930239,1.7379709,1,8,8,64,4,1,2,3.9,82.01130655555568
324,195.155039,100.653752,0.000129,23.62,0.4399066281,3.4101289,2,32,4,64,4,2,4,3.3,82.01130655555568
325,148.964497,108.647988,0.000169,17.315,0.3775522529999999,2.234037,1,128,512,64,4,1,2,2.6,82.01130655555568
326,147.222222,119.208925,0.000171,12.939,0.3136193865,1.8340315,1,128,32,64,1,1,2,3.9,82.01130655555568
327,195.155039,100.612291,0.000129,22.859,0.44026926,3.4129400000000003,2,4,8,64,4,2,1,2.1,82.01130655555568
328,147.222222,120.088688,0.000171,13.249,0.3090411009,1.8072579,1,16,32,64,4,1,8,3.9,82.01130655555568
329,147.222222,121.888351,0.000171,12.414,0.2999825811,1.7542841,1,16,32,64,4,1,1,3.9,82.01130655555568
330,195.155039,98.823033,0.000129,24.101,0.456356334,3.537646,2,128,4,64,4,2,1,2.6,82.01130655555568
331,147.222222,105.88539,0.000171,22.699,0.3975102765,2.3246215,1,128,32,1024,4,2,2,3.9,82.01130655555568
332,147.222222,121.795929,0.000171,12.54,0.3004380225,1.7569475,1,16,32,64,4,1,2,3.9,82.01130655555568
333,195.155039,101.250834,0.000129,22.822,0.434733612,3.370028,2,4,4,64,4,2,1,2.9,82.01130655555568
334,148.964497,121.431166,0.000169,12.336,0.3022456839999999,1.788436,1,8,8,64,4,2,1,2.3,82.01130655555568
335,148.964497,121.052526,0.000169,12.883,0.3041394303999999,1.7996416,1,4,32,64,4,1,4,2.4,82.01130655555568
336,193.653846,99.922476,0.00013,22.533,0.4463690399999999,3.433608,2,32,4,64,1,2,1,2.0,82.01130655555568
337,147.222222,118.831112,0.000171,13.07,0.3156168033,1.8457123,1,128,32,64,4,2,1,3.7,82.01130655555568
338,148.964497,116.682328,0.000169,13.682,0.327348437,1.936973,1,128,128,64,4,1,2,2.6,82.01130655555568
339,168.959732,75.882855,0.000149,37.118,0.7739860129999999,5.194537,3,4,4,512,4,2,4,2.5,82.01130655555568
340,148.964497,120.285644,0.000169,12.965,0.308029878,1.822662,1,4,32,64,4,2,4,2.3,82.01130655555568
341,147.222222,107.161774,0.000171,17.685,0.388097325,2.269575,1,512,32,256,1,1,2,3.9,82.01130655555568
342,195.155039,99.788282,0.000129,24.218,0.4475703890999999,3.4695379,2,4,64,64,4,2,8,3.6,82.01130655555568
343,147.222222,107.65295,0.000171,17.356,0.3845639520000001,2.248912,1,512,32,64,4,1,8,3.9,82.01130655555568
344,147.222222,115.836135,0.000171,17.354,0.332148519,1.942389,1,16,32,64,16,1,2,3.9,82.01130655555568
345,132.5,57.308739,0.00019,49.33,1.3569965300000002,7.142087,4,4,256,64,4,2,1,3.3,82.01130655555568
346,147.222222,118.586659,0.000171,14.027,0.3169193615999999,1.8533296,1,4,16,128,4,2,8,3.2,82.01130655555568
347,148.964497,106.116899,0.000169,16.647,0.39577772,2.34188,1,512,32,64,4,1,2,2.0,82.01130655555568
348,195.155039,99.378865,0.000129,24.076,0.4512657489,3.4981841,2,4,128,64,4,2,1,3.3,82.01130655555568
349,147.222222,120.482396,0.000171,12.797,0.3070246518,1.7954658,1,16,32,64,4,4,2,3.9,82.01130655555568
350,147.222222,111.518964,0.000171,16.606,0.3583628532,2.0956892,1,4,512,64,4,1,2,3.9,82.01130655555568
351,195.155039,89.586175,0.000129,37.831,0.5553137819999999,4.304758,2,4,32,2048,4,2,8,2.2,82.01130655555568
352,147.222222,119.325608,0.000171,13.086,0.3130063344,1.8304464,1,128,8,64,4,2,2,3.9,82.01130655555568
353,147.222222,122.219505,0.000171,12.363,0.2983591755,1.7447905,1,4,8,64,4,1,2,3.3,82.01130655555568
354,195.155039,81.243789,0.000129,55.75,0.6752119289999998,5.234201,2,4,32,4096,4,2,1,3.3,82.01130655555568
355,148.964497,121.742401,0.000169,12.423,0.3007022746,1.7793034,1,16,8,64,4,1,2,2.3,82.01130655555568
356,147.222222,122.376037,0.000171,12.23,0.2975963958,1.7403298,1,4,32,64,1,1,2,3.9,82.01130655555568
357,171.258503,68.103587,0.000147,42.796,0.960905043,6.536769,4,4,8,64,1,2,1,3.7,82.01130655555568
358,148.964497,121.868046,0.000169,12.363,0.3000825515999999,1.7756364,1,4,8,64,4,1,2,2.2,82.01130655555568
359,0.0,0.0,0.0,0.0,0.0,0.0,1,4,4,64,8,1,4,3.1,82.01130655555568
360,195.155039,94.44091,0.000129,30.56,0.4996893689999999,3.873561,2,32,4,1024,4,2,1,2.2,82.01130655555568
361,147.222222,108.875426,0.000171,16.647,0.375976503,2.198693,1,512,32,64,4,1,2,3.9,82.01130655555568
362,147.222222,121.073248,0.000171,12.705,0.3040353324,1.7779844,1,16,32,128,4,1,1,3.9,82.01130655555568
363,195.155039,99.565118,0.000129,23.911,0.4495789965,3.4851085,2,4,128,64,4,1,1,3.3,82.01130655555568
364,147.222222,119.891845,0.000171,13.03,0.3100567212,1.8131972,1,16,128,64,4,1,2,3.9,82.01130655555568
365,147.222222,121.116345,0.000171,12.743,0.3038190003,1.7767193,1,64,8,64,4,1,2,3.9,82.01130655555568
366,195.155039,101.291532,0.000129,23.35,0.4343843444999999,3.3673205,2,4,4,64,4,2,4,3.7,82.01130655555568
367,147.222222,110.205117,0.000171,17.314,0.366958476,2.145956,1,4,512,64,4,1,8,3.9,82.01130655555568
368,148.964497,115.796692,0.000169,15.375,0.332374835,1.966715,1,4,32,512,4,2,2,2.4,82.01130655555568
369,195.155039,93.481908,0.000129,34.783,0.5099942759999999,3.953444,2,4,256,64,16,2,1,3.3,82.01130655555568
370,147.222222,121.923906,0.000171,12.497,0.2998076481,1.7532611,1,16,8,64,4,2,2,3.9,82.01130655555568
371,148.964497,121.999413,0.000169,12.499,0.2994366505,1.7718145,1,8,32,64,4,1,2,2.8,82.01130655555568
372,195.155039,101.39956,0.000129,22.857,0.4334592725999999,3.3601494,2,8,4,64,4,2,1,3.3,82.01130655555568
373,148.964497,115.68077,0.000169,14.515,0.3330413034,1.9706586,1,4,256,64,4,2,8,2.8,82.01130655555568
374,147.222222,113.913016,0.000171,16.001,0.3434580827999999,2.0085268,1,128,32,512,4,1,2,3.9,82.01130655555568
375,0.0,0.0,0.0,0.0,0.0,0.0,2,4,16,64,4,16,1,2.8,82.01130655555568
376,147.222222,122.550728,0.000171,12.363,0.2967485778,1.7353718,1,4,8,64,4,1,2,3.9,82.01130655555568
377,147.222222,119.706105,0.000171,12.794,0.3110196564,1.8188284,1,128,8,64,1,1,2,3.9,82.01130655555568
378,195.155039,100.375924,0.000129,23.461,0.4423452054,3.4290326,2,64,4,64,4,2,1,3.3,82.01130655555568
379,148.964497,118.706914,0.000169,13.086,0.3162775849999999,1.871465,1,128,8,64,4,2,2,2.5,82.01130655555568
380,147.222222,116.22812,0.000171,14.01,0.3299119245,1.9293095,1,256,32,64,4,1,2,3.9,82.01130655555568
381,195.155039,98.77097,0.000129,24.372,0.4568375556,3.5413764000000003,2,128,32,64,4,2,1,3.3,82.01130655555568
382,147.222222,118.805075,0.000171,13.475,0.3157551594,1.8465214,1,128,8,64,4,1,4,3.9,82.01130655555568
383,148.964497,109.560926,0.000169,15.46,0.371286409,2.196961,1,256,8,64,4,8,2,2.3,82.01130655555568
384,195.155039,100.15586,0.000129,23.912,0.4442911961999999,3.4441178,2,4,64,64,4,2,4,3.3,82.01130655555568
385,147.222222,121.890383,0.000171,12.473,0.2999725776,1.7542256,1,16,16,64,4,1,2,3.5,82.01130655555568
386,147.222222,120.643964,0.000171,12.86,0.30620286,1.79066,1,64,32,64,4,1,2,3.9,82.01130655555568
387,132.5,54.204761,0.00019,57.681,1.51686025,7.983475,4,512,4,64,4,2,1,3.0,82.01130655555568
388,147.222222,122.451784,0.000171,12.363,0.2972283354,1.7381774,1,4,8,64,4,1,2,3.7,82.01130655555568
389,147.222222,121.938467,0.000171,12.766,0.2997360504,1.7528424,1,4,8,64,4,1,4,3.9,82.01130655555568
390,195.155039,101.600461,0.000129,22.658,0.4317467588999999,3.3468741,2,4,4,64,4,1,1,3.2,82.01130655555568
391,148.964497,122.283995,0.000169,12.423,0.2980445636999999,1.7635773,1,16,8,64,4,1,2,2.8,82.01130655555568
392,147.222222,122.282012,0.000171,12.423,0.2980542312,1.7430072,1,16,8,64,4,1,2,3.9,82.01130655555568
393,93.587361,35.384033,0.000269,114.48,3.559637457,13.232853,7,256,4,64,4,16,1,3.3,82.01130655555568
394,148.964497,122.36796,0.000169,12.423,0.2976356851,1.7611579,1,16,8,64,4,1,2,2.9,82.01130655555568
395,148.964497,122.354368,0.000169,12.363,0.2977018147999999,1.7615492,1,4,8,64,4,1,2,2.6,82.01130655555568
396,132.5,59.697693,0.00019,43.777,1.25056233,6.581906999999999,4,4,16,64,4,1,1,3.3,82.01130655555568
397,0.0,0.0,0.0,0.0,0.0,0.0,1,4,8,64,4,8,2,3.9,82.01130655555568
398,147.222222,119.730827,0.000171,13.67,0.3108912354,1.8180774,1,8,8,256,4,1,2,3.9,82.01130655555568
399,129.102564,52.768072,0.000195,54.669,1.60058223,8.208114,5,4,16,64,4,2,1,3.3,82.01130655555568
400,147.222222,122.601645,0.000171,12.344,0.2965021497,1.7339307,1,4,4,64,4,1,2,3.9,82.01130655555568
401,147.222222,121.267597,0.000171,12.617,0.30306159,1.77229,1,4,8,64,4,4,2,3.9,82.01130655555568
402,195.155039,101.627071,0.000129,22.822,0.4315206863999999,3.3451216,2,4,4,64,4,2,1,3.8,82.01130655555568
403,147.222222,120.956089,0.000171,12.743,0.3046245984,1.7814304,1,64,8,64,4,1,2,3.6,82.01130655555568
404,60.956416,23.848298,0.000413,127.31,7.836202528,18.973856,11,128,64,64,4,1,2,3.1,82.01130655555568
405,195.155039,86.155971,0.000129,40.068,0.60041244,4.6543600000000005,2,4,1024,64,4,2,1,3.3,82.01130655555568
406,148.964497,121.94702,0.000169,12.413,0.2996940037,1.7733373,1,4,16,64,4,1,2,2.4,82.01130655555568
407,147.222222,119.370357,0.000171,13.072,0.3127717053,1.8290743,1,128,8,64,4,1,2,3.9,82.01130655555568
408,195.155039,101.26682,0.000129,22.925,0.4345963689,3.3689641000000004,2,16,4,64,4,2,1,3.3,82.01130655555568
409,147.222222,122.488165,0.000171,12.236,0.297051795,1.7371450000000002,1,4,8,64,4,1,1,3.6,82.01130655555568
410,147.222222,121.658754,0.000171,12.527,0.3011159178,1.7609118,1,4,8,128,4,1,1,3.6,82.01130655555568
411,195.155039,70.54495,0.000129,84.255,0.895547412,6.942228,2,4,4,8192,4,2,1,3.3,82.01130655555568
412,148.964497,122.550531,0.000169,12.363,0.2967495335999999,1.7559144,1,4,8,64,4,1,2,2.8,82.01130655555568
413,148.964497,117.50651,0.000169,14.826,0.3227725422999999,1.9098967,1,8,8,256,4,1,8,2.9,82.01130655555568
414,0.0,0.0,0.0,0.0,0.0,0.0,2,4,32,512,4,8,1,3.3,82.01130655555568
415,0.0,0.0,0.0,0.0,0.0,0.0,1,4,8,128,4,8,2,3.9,82.01130655555568
416,147.222222,115.510589,0.000171,17.447,0.334023363,1.953353,1,4,64,64,16,1,2,3.9,82.01130655555568
417,195.155039,74.782193,0.000129,51.833,0.796937103,6.1778070000000005,2,2048,16,64,4,2,1,3.3,82.01130655555568
418,147.222222,122.501226,0.000171,12.363,0.2969884566,1.7367746,1,4,8,64,4,1,2,3.8,82.01130655555568
419,147.222222,111.449323,0.000171,16.624,0.3588108561000001,2.0983091000000003,1,8,512,64,4,1,2,3.9,82.01130655555568
420,195.155039,74.86335,0.000129,51.696,0.7952101799999999,6.16442,2,2048,4,64,4,2,1,3.3,82.01130655555568
421,148.964497,109.229659,0.000169,19.739,0.3735418660999999,2.2103069,1,8,8,1024,4,1,1,2.2,82.01130655555568
422,147.222222,121.854108,0.000171,12.513,0.3001512042,1.7552702,1,32,8,64,4,1,2,3.8,82.01130655555568
423,0.0,0.0,0.0,0.0,0.0,0.0,2,4,4,512,8,2,1,2.2,82.01130655555568
424,0.0,0.0,0.0,0.0,0.0,0.0,1,4,8,64,4,8,1,3.9,82.01130655555568
425,147.222222,120.341301,0.000171,13.189,0.3077450235,1.7996785,1,4,32,64,4,1,8,3.9,82.01130655555568
426,0.0,0.0,0.0,0.0,0.0,0.0,2,4,4,64,4,16,4,3.3,82.01130655555568
427,147.222222,121.793617,0.000171,12.48,0.3004494282,1.7570142,1,4,32,64,4,1,2,3.4,82.01130655555568
428,148.964497,121.649366,0.000169,12.236,0.301162394,1.782026,1,4,8,64,4,1,1,2.0,82.01130655555568
429,195.155039,89.3138,0.000129,37.244,0.558705966,4.331054,2,4,4,2048,4,2,1,2.5,82.01130655555568
430,147.222222,122.016445,0.000171,12.37,0.2993530617,1.7506027,1,16,8,64,4,2,1,3.9,82.01130655555568
431,147.222222,120.806191,0.000171,13.072,0.305381034,1.785854,1,4,8,64,4,1,8,3.9,82.01130655555568
432,195.155039,99.076422,0.000129,24.419,0.454025046,3.519574,2,4,128,64,4,4,1,3.5,82.01130655555568
433,147.222222,122.184822,0.000171,12.427,0.2985285852,1.7457812,1,4,4,64,4,2,2,3.9,82.01130655555568
434,147.222222,122.386277,0.000171,12.344,0.2975466006,1.7400386,1,4,4,64,4,1,2,3.5,82.01130655555568
435,195.155039,82.825399,0.000129,42.962,0.649670832,5.036208,2,256,1024,64,4,2,1,2.2,82.01130655555568
436,147.222222,119.417138,0.000171,13.054,0.3125266965,1.8276415,1,128,4,64,4,1,2,3.9,82.01130655555568
437,147.222222,119.815426,0.000171,13.652,0.3104523639,1.8155109,1,4,8,256,4,1,2,3.9,82.01130655555568
438,116.013825,78.054418,0.000217,22.925,0.7315187397,3.3710541000000003,2,16,4,64,4,2,1,3.5,82.01130655555568
439,147.222222,119.618464,0.000171,13.308,0.3114755765999999,1.8214946,1,4,4,64,4,4,8,3.9,82.01130655555568
440,147.222222,122.009483,0.000171,12.363,0.2993872275,1.7508025,1,4,8,64,4,1,2,3.0,82.01130655555568
441,0.0,0.0,0.0,0.0,0.0,0.0,2,4,4,64,4,16,1,3.3,82.01130655555568
442,147.222222,121.856184,0.000171,12.478,0.3001409784,1.7552104,1,16,4,64,4,2,2,3.7,82.01130655555568
443,147.222222,120.570748,0.000171,13.127,0.3065748534,1.7928354,1,64,4,64,4,1,4,3.9,82.01130655555568
444,168.959732,77.140834,0.000149,34.163,0.748948202,5.026498,3,4,4,64,4,2,8,2.8,82.01130655555568
445,147.222222,119.534887,0.000171,13.123,0.3119112846,1.8240426,1,32,128,64,4,1,2,3.9,82.01130655555568
446,147.222222,122.213516,0.000171,12.413,0.2983884165,1.7449614999999998,1,4,16,64,4,1,2,3.6,82.01130655555568
447,195.155039,62.178823,0.000129,86.095,1.152750837,8.936053,2,4096,4,64,4,16,1,3.2,82.01130655555568
448,148.964497,122.581653,0.000169,12.344,0.2965988700999999,1.7550229,1,4,4,64,4,1,2,2.8,82.01130655555568
449,148.964497,107.819018,0.000169,21.86,0.3833802179999999,2.268522,1,4,8,1024,4,1,2,2.0,82.01130655555568
450,195.155039,99.956455,0.000129,23.29,0.446065617,3.457873,2,16,4,64,4,4,1,2.2,82.01130655555568
451,147.222222,121.015445,0.000171,12.626,0.3043258443,1.7796833,1,4,64,64,4,1,2,3.2,82.01130655555568
452,0.0,0.0,0.0,0.0,0.0,0.0,1,4,4,64,8,1,2,3.5,82.01130655555568
453,195.155039,101.594789,0.000129,22.822,0.4317949661999999,3.3472478,2,4,4,64,4,2,1,3.7,82.01130655555568
454,53.792735,21.207893,0.000468,137.2,9.908898948,21.172861,13,4,4,64,4,1,2,2.1,82.01130655555568
455,0.0,0.0,0.0,0.0,0.0,0.0,1,4,32,512,4,8,2,3.9,82.01130655555568
456,195.155039,97.302195,0.000129,25.63,0.4707335646,3.6490974,2,4,256,64,1,2,1,3.2,82.01130655555568
457,148.964497,118.763102,0.000169,13.352,0.3159783874,1.8696946,1,64,128,64,4,1,2,2.8,82.01130655555568
458,147.222222,122.32904,0.000171,12.344,0.2978251083,1.7416673,1,4,4,64,4,1,2,3.4,82.01130655555568
459,195.155039,101.5389,0.000129,22.694,0.4322704343999999,3.3509336,2,8,4,64,4,1,1,3.2,82.01130655555568
460,0.0,0.0,0.0,0.0,0.0,0.0,1,4,4,64,4,8,2,3.9,82.01130655555568
461,147.222222,122.332436,0.000171,12.404,0.2978085726,1.7415706,1,16,4,64,4,1,2,3.9,82.01130655555568
462,0.0,0.0,0.0,0.0,0.0,0.0,2,1024,4,64,8,2,1,3.3,82.01130655555568
463,147.222222,121.391384,0.000171,12.879,0.3024438183,1.7686773,1,4,4,128,4,1,2,3.2,82.01130655555568
464,147.222222,121.066667,0.000171,12.599,0.3040683867,1.7781777,1,4,4,64,4,4,2,3.6,82.01130655555568
465,195.155039,100.923918,0.000129,22.822,0.4375545839999999,3.391896,2,4,4,64,4,2,1,2.4,82.01130655555568
466,148.964497,122.488654,0.000169,12.344,0.2970494240999999,1.7576889,1,4,4,64,4,1,2,2.7,82.01130655555568
467,148.964497,122.381609,0.000169,12.344,0.2975693018999999,1.7607651,1,4,4,64,4,1,2,2.6,84.11678177777827
468,195.155039,99.554478,0.000129,24.076,0.4496751015,3.4858535,2,4,128,64,4,2,1,3.8,84.11678177777827
469,148.964497,122.154226,0.000169,12.344,0.2986781447,1.7673263,1,4,4,64,4,1,2,2.4,84.11678177777827
470,147.222222,121.98488,0.000171,12.747,0.2995080048,1.7515088,1,4,4,64,4,1,4,3.9,84.11678177777827
471,195.155039,100.658355,0.000129,22.822,0.4398663929999999,3.409817,2,4,4,64,4,2,1,2.1,84.11678177777827
472,147.222222,121.165292,0.000171,12.724,0.3035735811,1.7752841,1,64,4,64,4,1,2,3.9,84.11678177777827
473,0.0,0.0,0.0,0.0,0.0,0.0,1,4,4,64,16,1,2,3.9,84.11678177777827
474,195.155039,101.168,0.000129,22.962,0.4354458080999999,3.3755489,2,16,8,64,4,2,1,3.2,84.11678177777827
475,148.964497,122.667689,0.000169,12.344,0.2961829611,1.7525619,1,4,4,64,4,1,2,2.9,84.11678177777827
476,148.964497,119.216952,0.000169,13.693,0.3135771508999999,1.8554861,1,16,4,256,4,1,2,2.4,84.11678177777827
477,195.155039,100.752642,0.000129,22.822,0.439043502,3.403438,2,4,4,64,4,2,1,2.2,84.11678177777827
478,147.222222,120.99381,0.000171,12.883,0.3044346858,1.7803198,1,4,32,64,4,1,4,3.1,84.11678177777827
479,147.222222,117.696964,0.000171,13.724,0.3217287879,1.8814549,1,4,256,64,4,1,2,3.9,84.11678177777827
480,195.155039,96.319988,0.000129,27.56,0.480382971,3.723899,2,128,4,64,4,8,1,3.3,84.11678177777827
481,147.222222,118.783771,0.000171,13.456,0.3158684298,1.8471838,1,128,4,64,4,1,4,3.8,84.11678177777827
482,147.222222,119.858012,0.000171,13.633,0.310231791,1.814221,1,4,4,256,4,1,2,3.9,84.11678177777827
483,195.155039,93.421788,0.000129,34.783,0.5106508859999999,3.958534,2,4,256,64,16,2,1,3.2,84.11678177777827
484,147.222222,116.623929,0.000171,13.87,0.327676356,1.916236,1,256,4,64,4,1,2,3.8,84.11678177777827
485,148.964497,122.274888,0.000169,12.344,0.2980889599999999,1.76384,1,4,4,64,4,1,2,2.5,84.11678177777827
486,195.155039,100.804977,0.000129,22.959,0.4385877449999999,3.399905,2,4,16,64,4,2,1,2.5,84.11678177777827
487,148.964497,117.88914,0.000169,13.054,0.320680711,1.897519,1,128,4,64,4,1,2,2.0,84.11678177777827
488,147.222222,122.462923,0.000171,12.28,0.2971742652,1.7378612,1,4,16,64,4,1,1,3.9,84.11678177777827
489,195.155039,100.449825,0.000129,23.51,0.4416945809999999,3.423989,2,4,64,64,4,2,2,3.4,84.11678177777827
490,147.222222,122.175094,0.000171,12.404,0.2985761232,1.7460592,1,16,4,64,4,1,2,3.6,84.11678177777827
491,147.222222,121.318424,0.000171,12.807,0.3028077063,1.7708053,1,16,4,64,4,1,4,3.2,84.11678177777827
492,195.155039,62.594948,0.000129,90.649,1.137475044,8.817636,2,4096,4,64,4,1,1,3.8,84.11678177777827
493,148.964497,117.308611,0.000169,14.789,0.3238624908999999,1.9163461,1,4,4,256,4,1,8,2.6,84.11678177777827
494,147.222222,121.316738,0.000171,12.599,0.3028161195,1.7708545,1,4,4,64,4,4,2,3.9,84.11678177777827
495,195.155039,99.447858,0.000129,23.498,0.4506398279999999,3.493332,2,64,8,64,4,2,1,2.0,84.11678177777827
496,148.964497,122.145646,0.000169,12.48,0.2987201073999999,1.7675746,1,4,32,64,4,1,2,2.9,84.11678177777827
497,148.964497,122.130926,0.000169,12.06,0.2987921182999999,1.7680007,1,4,4,64,1,1,2,2.0,84.11678177777827
498,195.155039,101.068821,0.000129,22.822,0.4363008329999999,3.382177,2,4,4,64,4,2,1,2.6,84.11678177777827
499,148.964497,122.125746,0.000169,12.427,0.2988174683,1.7681507,1,4,4,64,4,2,2,2.9,84.11678177777827
500,147.222222,122.509511,0.000171,12.363,0.2969482887,1.7365397,1,8,4,64,4,1,2,3.9,84.11678177777827
501,195.155039,100.558301,0.000129,23.461,0.4407421482,3.4166058,2,64,4,64,4,2,1,3.8,84.11678177777827
502,148.964497,107.506401,0.000169,22.127,0.3856131135999999,2.2817344,1,32,32,1024,4,1,2,2.4,84.11678177777827
503,0.0,0.0,0.0,0.0,0.0,0.0,1,4,4,128,16,1,2,3.6,84.11678177777827
